world,config,controller,seed,success,status,time_to_goal,path_length,collisions,collisions_static,collisions_people,min_clearance_people,personal_space_s,recoveries,ate_rmse,final_goal_error,nav_cpu_ms,perception_layer_ms,global_relocalizations,relocalization_time,sim_time
cluttered_room,A,dwb,1000,0,aborted,nan,9.064,3,3,0,nan,nan,6,0.0371,4.641,5.262,nan,0,nan,96.0
cluttered_room,A,dwb,1001,0,aborted,nan,4.129,2,2,0,nan,nan,6,0.0515,9.316,6.024,nan,0,nan,85.0
cluttered_room,A,dwb,1002,0,aborted,nan,4.029,2,2,0,nan,nan,6,0.0362,9.43,5.236,nan,0,nan,84.9
cluttered_room,A,dwb,1003,0,aborted,nan,5.872,2,2,0,nan,nan,6,0.0399,7.571,5.671,nan,0,nan,89.2
cluttered_room,A,dwb,1004,0,aborted,nan,3.711,2,2,0,nan,nan,6,0.0336,9.741,5.618,nan,0,nan,84.9
cluttered_room,A,dwb,1005,0,aborted,nan,2.216,2,2,0,nan,nan,6,0.0316,11.228,5.234,nan,0,nan,81.8
cluttered_room,A,dwb,1006,0,aborted,nan,6.445,3,3,0,nan,nan,6,0.0379,7.226,5.595,nan,0,nan,91.0
cluttered_room,A,dwb,1007,0,aborted,nan,4.066,2,2,0,nan,nan,6,0.0465,9.459,5.162,nan,0,nan,84.9
cluttered_room,A,dwb,1008,0,aborted,nan,2.324,2,2,0,nan,nan,6,0.0302,11.109,5.545,nan,0,nan,81.9
cluttered_room,A,dwb,1009,0,aborted,nan,3.678,2,2,0,nan,nan,6,0.0393,9.858,5.296,nan,0,nan,83.9
cluttered_room,A,dwb,1010,0,aborted,nan,3.805,2,2,0,nan,nan,6,0.0351,9.656,5.781,nan,0,nan,85.1
cluttered_room,A,dwb,1011,0,aborted,nan,4.065,2,2,0,nan,nan,6,0.0419,9.387,5.148,nan,0,nan,85.2
cluttered_room,A,dwb,1012,0,aborted,nan,2.314,3,3,0,nan,nan,6,0.0313,11.189,5.206,nan,0,nan,81.8
cluttered_room,A,dwb,1013,0,aborted,nan,2.12,2,2,0,nan,nan,6,0.0266,11.366,5.284,nan,0,nan,80.9
cluttered_room,A,dwb,1014,0,aborted,nan,4.496,4,4,0,nan,nan,6,0.0309,9.232,5.391,nan,0,nan,85.8
cluttered_room,A,dwb,1015,0,aborted,nan,7.079,4,4,0,nan,nan,6,0.0461,6.764,5.016,nan,0,nan,93.6
cluttered_room,A,dwb,1016,0,aborted,nan,9.658,2,2,0,nan,nan,6,0.0429,4.217,5.585,nan,0,nan,96.6
cluttered_room,A,dwb,1017,0,aborted,nan,2.852,2,2,0,nan,nan,6,0.0306,10.634,5.08,nan,0,nan,83.0
cluttered_room,A,dwb,1018,0,aborted,nan,7.756,2,2,0,nan,nan,6,0.0255,5.757,4.966,nan,0,nan,92.2
cluttered_room,A,dwb,1019,0,aborted,nan,3.132,2,2,0,nan,nan,6,0.0347,10.344,4.941,nan,0,nan,83.0
cluttered_room,A,dwb,1020,0,aborted,nan,2.717,2,2,0,nan,nan,6,0.0445,10.7,5.259,nan,0,nan,82.8
cluttered_room,A,dwb,1021,0,aborted,nan,2.264,2,2,0,nan,nan,6,0.0278,11.169,5.337,nan,0,nan,81.9
cluttered_room,A,dwb,1022,0,aborted,nan,4.543,2,2,0,nan,nan,6,0.0312,8.947,5.441,nan,0,nan,86.2
cluttered_room,A,dwb,1023,0,aborted,nan,7.718,2,2,0,nan,nan,6,0.0308,5.819,4.614,nan,0,nan,92.5
cluttered_room,A,dwb,1024,0,aborted,nan,3.846,4,4,0,nan,nan,6,0.036,9.742,4.819,nan,0,nan,83.8
cluttered_room,A,dwb,1025,0,aborted,nan,4.165,4,4,0,nan,nan,6,0.0429,9.441,5.592,nan,0,nan,84.9
cluttered_room,A,dwb,1026,1,reached,27.0,12.934,0,0,0,nan,nan,0,0.0311,0.278,6.098,nan,0,nan,27.0
cluttered_room,A,dwb,1027,0,aborted,nan,10.821,3,3,0,nan,nan,6,0.0327,2.869,4.832,nan,0,nan,100.5
cluttered_room,A,dwb,1028,0,aborted,nan,3.442,2,2,0,nan,nan,6,0.0462,10.042,4.997,nan,0,nan,83.9
cluttered_room,A,dwb,1029,0,aborted,nan,3.579,4,4,0,nan,nan,6,0.0372,10.131,5.271,nan,0,nan,87.1
cluttered_room,B,dwb,1000,0,aborted,nan,9.074,3,3,0,nan,nan,6,0.0335,4.649,5.139,nan,0,nan,96.1
cluttered_room,B,dwb,1001,0,aborted,nan,4.143,2,2,0,nan,nan,6,0.0492,9.298,5.414,nan,0,nan,84.9
cluttered_room,B,dwb,1002,0,aborted,nan,4.04,2,2,0,nan,nan,6,0.0363,9.419,5.005,nan,0,nan,84.9
cluttered_room,B,dwb,1003,0,aborted,nan,6.064,2,2,0,nan,nan,6,0.0476,7.42,5.777,nan,0,nan,89.1
cluttered_room,B,dwb,1004,0,aborted,nan,3.713,2,2,0,nan,nan,6,0.0426,9.736,5.321,nan,0,nan,84.9
cluttered_room,B,dwb,1005,0,aborted,nan,2.221,2,2,0,nan,nan,6,0.0337,11.229,5.483,nan,0,nan,81.8
cluttered_room,B,dwb,1006,0,aborted,nan,6.439,4,4,0,nan,nan,6,0.0334,7.177,4.796,nan,0,nan,91.1
cluttered_room,B,dwb,1007,0,aborted,nan,4.012,2,2,0,nan,nan,6,0.0514,9.493,4.995,nan,0,nan,85.0
cluttered_room,B,dwb,1008,0,aborted,nan,2.319,2,2,0,nan,nan,6,0.0237,11.115,4.85,nan,0,nan,81.9
cluttered_room,B,dwb,1009,0,aborted,nan,3.687,3,3,0,nan,nan,6,0.0304,9.859,4.553,nan,0,nan,83.9
cluttered_room,B,dwb,1010,0,aborted,nan,3.804,2,2,0,nan,nan,6,0.0373,9.655,5.095,nan,0,nan,84.1
cluttered_room,B,dwb,1011,0,aborted,nan,10.318,4,4,0,nan,nan,6,0.0495,3.213,4.302,nan,0,nan,97.5
cluttered_room,B,dwb,1012,0,aborted,nan,2.313,2,2,0,nan,nan,6,0.0386,11.189,4.705,nan,0,nan,81.8
cluttered_room,B,dwb,1013,0,aborted,nan,2.124,2,2,0,nan,nan,6,0.0227,11.362,4.888,nan,0,nan,80.8
cluttered_room,B,dwb,1014,0,aborted,nan,4.477,4,4,0,nan,nan,6,0.0282,9.231,4.748,nan,0,nan,85.9
cluttered_room,B,dwb,1015,0,aborted,nan,7.098,4,4,0,nan,nan,6,0.0498,6.793,5.092,nan,0,nan,94.4
cluttered_room,B,dwb,1016,0,aborted,nan,9.595,2,2,0,nan,nan,6,0.051,4.214,5.232,nan,0,nan,96.6
cluttered_room,B,dwb,1017,0,aborted,nan,2.858,2,2,0,nan,nan,6,0.0274,10.634,4.928,nan,0,nan,82.9
cluttered_room,B,dwb,1018,0,aborted,nan,7.78,2,2,0,nan,nan,6,0.0327,5.753,4.556,nan,0,nan,92.3
cluttered_room,B,dwb,1019,0,aborted,nan,3.137,2,2,0,nan,nan,6,0.0408,10.341,5.242,nan,0,nan,82.9
cluttered_room,B,dwb,1020,0,aborted,nan,2.72,2,2,0,nan,nan,6,0.0478,10.702,5.426,nan,0,nan,82.8
cluttered_room,B,dwb,1021,0,aborted,nan,2.243,2,2,0,nan,nan,6,0.0283,11.194,5.096,nan,0,nan,81.9
cluttered_room,B,dwb,1022,0,aborted,nan,4.533,2,2,0,nan,nan,6,0.0361,8.944,5.192,nan,0,nan,86.2
cluttered_room,B,dwb,1023,0,aborted,nan,7.719,2,2,0,nan,nan,6,0.0319,5.818,4.745,nan,0,nan,92.4
cluttered_room,B,dwb,1024,0,aborted,nan,3.908,4,4,0,nan,nan,6,0.0347,9.734,5.117,nan,0,nan,84.0
cluttered_room,B,dwb,1025,0,aborted,nan,4.334,4,4,0,nan,nan,6,0.0358,9.321,4.857,nan,0,nan,84.0
cluttered_room,B,dwb,1026,1,reached,27.0,12.946,0,0,0,nan,nan,0,0.0228,0.295,5.425,nan,0,nan,27.0
cluttered_room,B,dwb,1027,0,aborted,nan,6.315,2,2,0,nan,nan,6,0.0308,7.173,4.567,nan,0,nan,89.2
cluttered_room,B,dwb,1028,0,aborted,nan,3.433,2,2,0,nan,nan,6,0.0564,10.042,4.641,nan,0,nan,83.9
cluttered_room,B,dwb,1029,0,aborted,nan,3.073,4,4,0,nan,nan,6,0.0313,10.546,4.958,nan,0,nan,84.5
cluttered_room,C,dwb,1000,1,reached,31.9,14.999,0,0,0,nan,nan,0,0.0423,0.257,6.14,0.278,0,nan,31.9
cluttered_room,C,dwb,1001,1,reached,28.1,12.956,0,0,0,nan,nan,0,0.0576,0.309,6.69,0.3331,0,nan,28.1
cluttered_room,C,dwb,1002,1,reached,53.3,15.065,0,0,0,nan,nan,2,0.0306,0.277,5.994,0.2857,0,nan,53.3
cluttered_room,C,dwb,1003,1,reached,30.0,14.429,0,0,0,nan,nan,0,0.0331,0.287,6.021,0.2538,0,nan,30.0
cluttered_room,C,dwb,1004,1,reached,30.2,14.38,0,0,0,nan,nan,0,0.0585,0.33,6.34,0.2941,0,nan,30.2
cluttered_room,C,dwb,1005,1,reached,48.4,15.469,0,0,0,nan,nan,1,0.0413,0.28,6.847,0.3346,0,nan,48.4
cluttered_room,C,dwb,1006,1,reached,31.3,14.713,0,0,0,nan,nan,0,0.0374,0.21,6.392,0.2695,0,nan,31.3
cluttered_room,C,dwb,1007,1,reached,39.5,14.85,0,0,0,nan,nan,0,0.0371,0.188,6.433,0.2602,0,nan,39.5
cluttered_room,C,dwb,1008,1,reached,27.5,13.1,0,0,0,nan,nan,0,0.0267,0.27,5.992,0.329,0,nan,27.5
cluttered_room,C,dwb,1009,1,reached,30.3,14.544,0,0,0,nan,nan,0,0.0541,0.277,6.045,0.2458,0,nan,30.3
cluttered_room,C,dwb,1010,1,reached,44.8,13.915,0,0,0,nan,nan,1,0.0382,0.254,5.75,0.3542,0,nan,44.8
cluttered_room,C,dwb,1011,1,reached,29.5,14.184,0,0,0,nan,nan,0,0.0502,0.263,5.99,0.2729,0,nan,29.5
cluttered_room,C,dwb,1012,1,reached,30.6,14.699,0,0,0,nan,nan,0,0.0365,0.27,6.187,0.252,0,nan,30.6
cluttered_room,C,dwb,1013,1,reached,33.3,13.789,0,0,0,nan,nan,0,0.0293,0.279,6.064,0.2966,0,nan,33.3
cluttered_room,C,dwb,1014,1,reached,30.1,14.334,0,0,0,nan,nan,0,0.0261,0.249,6.067,0.2503,0,nan,30.1
cluttered_room,C,dwb,1015,1,reached,32.0,15.395,0,0,0,nan,nan,0,0.0399,0.235,6.269,0.2886,0,nan,32.0
cluttered_room,C,dwb,1016,1,reached,27.8,13.29,0,0,0,nan,nan,0,0.0382,0.278,6.502,0.3324,0,nan,27.8
cluttered_room,C,dwb,1017,1,reached,29.8,14.3,0,0,0,nan,nan,0,0.0355,0.259,6.788,0.3154,0,nan,29.8
cluttered_room,C,dwb,1018,1,reached,29.8,13.98,0,0,0,nan,nan,0,0.0341,0.241,6.134,0.2934,0,nan,29.8
cluttered_room,C,dwb,1019,1,reached,30.5,14.646,0,0,0,nan,nan,0,0.0409,0.212,5.611,0.2289,0,nan,30.5
cluttered_room,C,dwb,1020,1,reached,30.5,14.352,0,0,0,nan,nan,0,0.053,0.259,6.564,0.2924,0,nan,30.5
cluttered_room,C,dwb,1021,1,reached,30.3,14.537,0,0,0,nan,nan,0,0.0389,0.254,6.405,0.2829,0,nan,30.3
cluttered_room,C,dwb,1022,1,reached,29.1,13.866,0,0,0,nan,nan,0,0.034,0.191,6.773,0.3222,0,nan,29.1
cluttered_room,C,dwb,1023,1,reached,30.0,14.122,0,0,0,nan,nan,0,0.0438,0.203,6.402,0.3323,0,nan,30.0
cluttered_room,C,dwb,1024,1,reached,67.3,15.242,1,1,0,nan,nan,2,0.042,0.191,6.96,0.3194,0,nan,67.3
cluttered_room,C,dwb,1025,1,reached,34.5,15.762,0,0,0,nan,nan,0,0.0406,0.247,7.276,0.3233,0,nan,34.5
cluttered_room,C,dwb,1026,1,reached,31.0,14.864,0,0,0,nan,nan,0,0.0261,0.26,6.784,0.3039,0,nan,31.0
cluttered_room,C,dwb,1027,1,reached,99.6,15.623,1,1,0,nan,nan,6,0.0438,0.219,6.057,0.3366,0,nan,99.6
cluttered_room,C,dwb,1028,1,reached,30.1,13.732,0,0,0,nan,nan,0,0.033,0.24,7.189,0.3675,0,nan,30.1
cluttered_room,C,dwb,1029,1,reached,32.6,15.479,0,0,0,nan,nan,0,0.0256,0.237,6.621,0.2792,0,nan,32.6
cluttered_room,D,dwb,1000,1,reached,31.9,14.999,0,0,0,nan,nan,0,0.0423,0.257,6.658,0.3174,0,nan,31.9
cluttered_room,D,dwb,1001,1,reached,28.1,12.956,0,0,0,nan,nan,0,0.0576,0.309,6.492,0.331,0,nan,28.1
cluttered_room,D,dwb,1002,1,reached,53.3,15.065,0,0,0,nan,nan,2,0.0306,0.277,6.101,0.2957,0,nan,53.3
cluttered_room,D,dwb,1003,1,reached,30.0,14.429,0,0,0,nan,nan,0,0.0331,0.287,6.423,0.2765,0,nan,30.0
cluttered_room,D,dwb,1004,1,reached,30.2,14.38,0,0,0,nan,nan,0,0.0585,0.33,6.939,0.3301,0,nan,30.2
cluttered_room,D,dwb,1005,1,reached,48.4,15.469,0,0,0,nan,nan,1,0.0413,0.28,6.911,0.3289,0,nan,48.4
cluttered_room,D,dwb,1006,1,reached,31.3,14.713,0,0,0,nan,nan,0,0.0374,0.21,6.358,0.2595,0,nan,31.3
cluttered_room,D,dwb,1007,1,reached,39.5,14.85,0,0,0,nan,nan,0,0.0371,0.188,6.561,0.2753,0,nan,39.5
cluttered_room,D,dwb,1008,1,reached,27.5,13.1,0,0,0,nan,nan,0,0.0267,0.27,5.919,0.3193,0,nan,27.5
cluttered_room,D,dwb,1009,1,reached,30.3,14.544,0,0,0,nan,nan,0,0.0541,0.277,7.041,0.3279,0,nan,30.3
cluttered_room,D,dwb,1010,1,reached,44.8,13.915,0,0,0,nan,nan,1,0.0382,0.254,6.622,0.4191,0,nan,44.8
cluttered_room,D,dwb,1011,1,reached,29.5,14.184,0,0,0,nan,nan,0,0.0502,0.263,7.057,0.3222,0,nan,29.5
cluttered_room,D,dwb,1012,1,reached,30.6,14.699,0,0,0,nan,nan,0,0.0365,0.27,6.768,0.2903,0,nan,30.6
cluttered_room,D,dwb,1013,1,reached,33.3,13.789,0,0,0,nan,nan,0,0.0293,0.279,5.935,0.3087,0,nan,33.3
cluttered_room,D,dwb,1014,1,reached,30.1,14.334,0,0,0,nan,nan,0,0.0261,0.249,7.026,0.2978,0,nan,30.1
cluttered_room,D,dwb,1015,1,reached,32.0,15.395,0,0,0,nan,nan,0,0.0399,0.235,6.262,0.2828,0,nan,32.0
cluttered_room,D,dwb,1016,1,reached,27.8,13.29,0,0,0,nan,nan,0,0.0382,0.278,6.19,0.3019,0,nan,27.8
cluttered_room,D,dwb,1017,1,reached,29.8,14.3,0,0,0,nan,nan,0,0.0355,0.259,5.868,0.2712,0,nan,29.8
cluttered_room,D,dwb,1018,1,reached,29.8,13.98,0,0,0,nan,nan,0,0.0341,0.241,6.604,0.3073,0,nan,29.8
cluttered_room,D,dwb,1019,1,reached,30.5,14.646,0,0,0,nan,nan,0,0.0409,0.212,6.191,0.2559,0,nan,30.5
cluttered_room,D,dwb,1020,1,reached,30.5,14.352,0,0,0,nan,nan,0,0.053,0.259,6.182,0.2716,0,nan,30.5
cluttered_room,D,dwb,1021,1,reached,30.3,14.537,0,0,0,nan,nan,0,0.0389,0.254,6.372,0.2732,0,nan,30.3
cluttered_room,D,dwb,1022,1,reached,29.1,13.866,0,0,0,nan,nan,0,0.034,0.191,6.856,0.3286,0,nan,29.1
cluttered_room,D,dwb,1023,1,reached,30.0,14.122,0,0,0,nan,nan,0,0.0438,0.203,6.217,0.3382,0,nan,30.0
cluttered_room,D,dwb,1024,1,reached,67.3,15.242,1,1,0,nan,nan,2,0.042,0.191,6.324,0.2918,0,nan,67.3
cluttered_room,D,dwb,1025,1,reached,34.5,15.762,0,0,0,nan,nan,0,0.0406,0.247,7.084,0.3221,0,nan,34.5
cluttered_room,D,dwb,1026,1,reached,31.0,14.864,0,0,0,nan,nan,0,0.0261,0.26,6.837,0.3134,0,nan,31.0
cluttered_room,D,dwb,1027,1,reached,99.6,15.623,1,1,0,nan,nan,6,0.0438,0.219,5.785,0.3191,0,nan,99.6
cluttered_room,D,dwb,1028,1,reached,30.1,13.732,0,0,0,nan,nan,0,0.033,0.24,6.088,0.317,0,nan,30.1
cluttered_room,D,dwb,1029,1,reached,32.6,15.479,0,0,0,nan,nan,0,0.0256,0.237,6.356,0.2654,0,nan,32.6
empty_corridor,A,dwb,1000,1,reached,62.1,27.016,0,0,0,nan,nan,2,0.6988,0.116,7.964,nan,0,nan,62.1
empty_corridor,A,dwb,1001,1,reached,54.7,26.792,0,0,0,nan,nan,0,0.1631,0.248,5.912,nan,0,nan,54.7
empty_corridor,A,dwb,1002,1,reached,54.8,26.913,0,0,0,nan,nan,0,0.4072,0.129,6.181,nan,0,nan,54.8
empty_corridor,A,dwb,1003,1,reached,54.9,26.903,0,0,0,nan,nan,0,0.338,0.108,5.659,nan,0,nan,54.9
empty_corridor,A,dwb,1004,1,reached,55.0,26.846,0,0,0,nan,nan,0,0.2217,0.17,5.44,nan,0,nan,55.0
empty_corridor,A,dwb,1005,1,reached,54.8,26.76,0,0,0,nan,nan,0,0.1679,0.281,5.067,nan,0,nan,54.8
empty_corridor,A,dwb,1006,1,reached,54.8,26.973,0,0,0,nan,nan,0,0.3097,0.064,5.205,nan,0,nan,54.8
empty_corridor,A,dwb,1007,1,reached,62.2,26.979,0,0,0,nan,nan,2,0.8114,0.157,6.166,nan,0,nan,62.2
empty_corridor,A,dwb,1008,1,reached,55.0,27.062,0,0,0,nan,nan,0,0.3586,0.076,5.186,nan,0,nan,55.0
empty_corridor,A,dwb,1009,1,reached,54.7,26.787,0,0,0,nan,nan,0,0.1309,0.229,5.529,nan,0,nan,54.7
empty_corridor,A,dwb,1010,1,reached,55.0,26.98,0,0,0,nan,nan,0,0.5822,0.07,5.645,nan,0,nan,55.0
empty_corridor,A,dwb,1011,1,reached,54.6,26.771,0,0,0,nan,nan,0,0.2228,0.239,4.963,nan,0,nan,54.6
empty_corridor,A,dwb,1012,1,reached,54.9,26.788,0,0,0,nan,nan,0,0.2117,0.23,5.238,nan,0,nan,54.9
empty_corridor,A,dwb,1013,1,reached,54.7,26.74,0,0,0,nan,nan,0,0.2842,0.281,4.737,nan,0,nan,54.7
empty_corridor,A,dwb,1014,1,reached,55.0,26.996,0,0,0,nan,nan,0,0.5631,0.067,4.816,nan,0,nan,55.0
empty_corridor,A,dwb,1015,1,reached,54.6,26.779,0,0,0,nan,nan,0,0.1972,0.248,5.523,nan,0,nan,54.6
empty_corridor,A,dwb,1016,1,reached,55.1,26.953,0,0,0,nan,nan,0,0.3911,0.131,5.948,nan,0,nan,55.1
empty_corridor,A,dwb,1017,1,reached,54.8,26.862,0,0,0,nan,nan,0,0.2805,0.153,5.352,nan,0,nan,54.8
empty_corridor,A,dwb,1018,1,reached,54.9,26.908,0,0,0,nan,nan,0,0.2417,0.099,6.27,nan,0,nan,54.9
empty_corridor,A,dwb,1019,1,reached,54.9,26.855,0,0,0,nan,nan,0,0.3731,0.169,5.661,nan,0,nan,54.9
empty_corridor,A,dwb,1020,1,reached,54.5,26.809,0,0,0,nan,nan,0,0.1711,0.203,5.354,nan,0,nan,54.5
empty_corridor,A,dwb,1021,1,reached,54.8,26.827,0,0,0,nan,nan,0,0.1791,0.197,5.683,nan,0,nan,54.8
empty_corridor,A,dwb,1022,1,reached,54.8,26.898,0,0,0,nan,nan,0,0.6354,0.158,5.617,nan,0,nan,54.8
empty_corridor,A,dwb,1023,0,aborted,nan,23.379,0,0,0,nan,nan,6,0.9941,4.202,11.744,nan,0,nan,70.0
empty_corridor,A,dwb,1024,1,reached,54.9,26.863,0,0,0,nan,nan,0,0.431,0.177,5.312,nan,0,nan,54.9
empty_corridor,A,dwb,1025,1,reached,54.9,26.862,0,0,0,nan,nan,0,0.2977,0.141,5.298,nan,0,nan,54.9
empty_corridor,A,dwb,1026,1,reached,55.0,26.903,0,0,0,nan,nan,0,0.5263,0.141,5.603,nan,0,nan,55.0
empty_corridor,A,dwb,1027,0,aborted,nan,23.302,0,0,0,nan,nan,6,1.1864,4.024,11.298,nan,0,nan,70.2
empty_corridor,A,dwb,1028,1,reached,54.8,26.752,0,0,0,nan,nan,0,0.2841,0.256,5.262,nan,0,nan,54.8
empty_corridor,A,dwb,1029,1,reached,55.2,26.931,0,0,0,nan,nan,0,0.5212,0.095,5.402,nan,0,nan,55.2
empty_corridor,B,dwb,1000,1,reached,62.2,26.999,0,0,0,nan,nan,2,0.7439,0.105,8.552,nan,0,nan,62.2
empty_corridor,B,dwb,1001,1,reached,54.7,26.77,0,0,0,nan,nan,0,0.1015,0.285,6.855,nan,0,nan,54.7
empty_corridor,B,dwb,1002,1,reached,54.5,26.844,0,0,0,nan,nan,0,0.3168,0.184,6.404,nan,0,nan,54.5
empty_corridor,B,dwb,1003,1,reached,54.8,26.843,0,0,0,nan,nan,0,0.1115,0.16,5.375,nan,0,nan,54.8
empty_corridor,B,dwb,1004,1,reached,54.7,26.751,0,0,0,nan,nan,0,0.2429,0.264,5.682,nan,0,nan,54.7
empty_corridor,B,dwb,1005,1,reached,55.0,26.888,0,0,0,nan,nan,0,0.3275,0.153,5.991,nan,0,nan,55.0
empty_corridor,B,dwb,1006,1,reached,55.1,26.932,0,0,0,nan,nan,0,0.1742,0.103,5.626,nan,0,nan,55.1
empty_corridor,B,dwb,1007,1,reached,55.2,27.07,0,0,0,nan,nan,0,0.4049,0.08,5.664,nan,0,nan,55.2
empty_corridor,B,dwb,1008,1,reached,54.9,27.199,0,0,0,nan,nan,0,0.7015,0.209,5.988,nan,0,nan,54.9
empty_corridor,B,dwb,1009,1,reached,54.9,26.87,0,0,0,nan,nan,0,0.1421,0.145,5.907,nan,0,nan,54.9
empty_corridor,B,dwb,1010,1,reached,55.0,27.051,0,0,0,nan,nan,0,0.4342,0.075,5.754,nan,0,nan,55.0
empty_corridor,B,dwb,1011,1,reached,55.0,26.898,0,0,0,nan,nan,0,0.5086,0.105,6.192,nan,0,nan,55.0
empty_corridor,B,dwb,1012,1,reached,54.9,26.803,0,0,0,nan,nan,0,0.299,0.208,6.09,nan,0,nan,54.9
empty_corridor,B,dwb,1013,1,reached,55.0,26.9,0,0,0,nan,nan,0,0.3016,0.129,5.583,nan,0,nan,55.0
empty_corridor,B,dwb,1014,1,reached,54.8,26.789,0,0,0,nan,nan,0,0.4138,0.223,5.791,nan,0,nan,54.8
empty_corridor,B,dwb,1015,1,reached,54.6,26.939,0,0,0,nan,nan,0,0.4108,0.122,5.721,nan,0,nan,54.6
empty_corridor,B,dwb,1016,1,reached,54.7,26.843,0,0,0,nan,nan,0,0.3793,0.226,5.883,nan,0,nan,54.7
empty_corridor,B,dwb,1017,1,reached,55.1,26.959,0,0,0,nan,nan,0,0.4059,0.063,5.744,nan,0,nan,55.1
empty_corridor,B,dwb,1018,1,reached,54.7,26.882,0,0,0,nan,nan,0,0.639,0.125,5.439,nan,0,nan,54.7
empty_corridor,B,dwb,1019,1,reached,54.9,26.918,0,0,0,nan,nan,0,0.4532,0.114,5.718,nan,0,nan,54.9
empty_corridor,B,dwb,1020,1,reached,54.8,26.829,0,0,0,nan,nan,0,0.3062,0.188,5.789,nan,0,nan,54.8
empty_corridor,B,dwb,1021,1,reached,54.9,26.896,0,0,0,nan,nan,0,0.2812,0.145,5.494,nan,0,nan,54.9
empty_corridor,B,dwb,1022,1,reached,54.9,26.822,0,0,0,nan,nan,0,0.0978,0.195,5.29,nan,0,nan,54.9
empty_corridor,B,dwb,1023,1,reached,55.1,27.098,0,0,0,nan,nan,0,0.7296,0.083,5.791,nan,0,nan,55.1
empty_corridor,B,dwb,1024,1,reached,55.0,26.936,0,0,0,nan,nan,0,0.1781,0.1,5.496,nan,0,nan,55.0
empty_corridor,B,dwb,1025,1,reached,55.0,26.846,0,0,0,nan,nan,0,0.1751,0.157,5.436,nan,0,nan,55.0
empty_corridor,B,dwb,1026,1,reached,54.9,26.929,0,0,0,nan,nan,0,0.2265,0.118,5.768,nan,0,nan,54.9
empty_corridor,B,dwb,1027,1,reached,78.3,27.29,0,0,0,nan,nan,6,1.2586,0.196,11.197,nan,0,nan,78.3
empty_corridor,B,dwb,1028,1,reached,79.5,27.302,0,0,0,nan,nan,6,0.8755,0.26,6.669,nan,0,nan,79.5
empty_corridor,B,dwb,1029,1,reached,54.9,26.942,0,0,0,nan,nan,0,0.2447,0.082,5.5,nan,0,nan,54.9
empty_corridor,C,dwb,1000,1,reached,55.0,26.956,0,0,0,nan,nan,0,0.4322,0.156,5.952,0.0699,0,nan,55.0
empty_corridor,C,dwb,1001,1,reached,54.5,26.631,0,0,0,nan,nan,0,0.1659,0.405,6.618,0.0756,0,nan,54.5
empty_corridor,C,dwb,1002,1,reached,54.9,26.917,0,0,0,nan,nan,0,0.2717,0.129,6.117,0.0734,0,nan,54.9
empty_corridor,C,dwb,1003,1,reached,54.8,26.889,0,0,0,nan,nan,0,0.3669,0.116,6.606,0.0826,0,nan,54.8
empty_corridor,C,dwb,1004,1,reached,55.0,26.92,0,0,0,nan,nan,0,0.2544,0.096,6.269,0.0775,0,nan,55.0
empty_corridor,C,dwb,1005,1,reached,54.6,26.763,0,0,0,nan,nan,0,0.1552,0.274,6.747,0.0806,0,nan,54.6
empty_corridor,C,dwb,1006,1,reached,55.5,27.133,0,0,0,nan,nan,0,0.1508,0.117,6.274,0.0747,0,nan,55.5
empty_corridor,C,dwb,1007,1,reached,54.8,26.958,0,0,0,nan,nan,0,0.53,0.077,6.026,0.069,0,nan,54.8
empty_corridor,C,dwb,1008,1,reached,54.7,26.854,0,0,0,nan,nan,0,0.3916,0.163,5.169,0.0596,0,nan,54.7
empty_corridor,C,dwb,1009,1,reached,54.8,26.902,0,0,0,nan,nan,0,0.1903,0.115,5.34,0.0654,0,nan,54.8
empty_corridor,C,dwb,1010,1,reached,62.4,27.005,0,0,0,nan,nan,2,0.7676,0.109,5.92,0.0616,0,nan,62.4
empty_corridor,C,dwb,1011,1,reached,54.9,26.852,0,0,0,nan,nan,0,0.3778,0.169,5.216,0.0602,0,nan,54.9
empty_corridor,C,dwb,1012,1,reached,54.8,26.847,0,0,0,nan,nan,0,0.187,0.171,5.475,0.0625,0,nan,54.8
empty_corridor,C,dwb,1013,1,reached,55.1,27.023,0,0,0,nan,nan,0,0.6713,0.045,5.295,0.0614,0,nan,55.1
empty_corridor,C,dwb,1014,0,aborted,nan,24.246,0,0,0,nan,nan,6,1.2505,3.583,7.517,0.0623,0,nan,72.5
empty_corridor,C,dwb,1015,1,reached,55.0,26.894,0,0,0,nan,nan,0,0.1344,0.145,5.91,0.0685,0,nan,55.0
empty_corridor,C,dwb,1016,1,reached,54.9,26.946,0,0,0,nan,nan,0,0.1788,0.104,5.762,0.0613,0,nan,54.9
empty_corridor,C,dwb,1017,1,reached,54.9,26.791,0,0,0,nan,nan,0,0.5227,0.217,5.315,0.0618,0,nan,54.9
empty_corridor,C,dwb,1018,1,reached,54.8,26.865,0,0,0,nan,nan,0,0.1063,0.145,5.591,0.0669,0,nan,54.8
empty_corridor,C,dwb,1019,1,reached,54.9,26.883,0,0,0,nan,nan,0,0.2623,0.142,5.395,0.0635,0,nan,54.9
empty_corridor,C,dwb,1020,1,reached,55.4,27.074,0,0,0,nan,nan,0,0.2292,0.115,5.727,0.0663,0,nan,55.4
empty_corridor,C,dwb,1021,1,reached,54.5,26.78,0,0,0,nan,nan,0,0.0972,0.242,5.972,0.0656,0,nan,54.5
empty_corridor,C,dwb,1022,1,reached,55.5,27.101,0,0,0,nan,nan,0,0.2431,0.174,5.543,0.0638,0,nan,55.5
empty_corridor,C,dwb,1023,1,reached,54.9,26.913,0,0,0,nan,nan,0,0.1776,0.133,5.322,0.0637,0,nan,54.9
empty_corridor,C,dwb,1024,1,reached,54.9,26.954,0,0,0,nan,nan,0,0.2851,0.091,5.561,0.0629,0,nan,54.9
empty_corridor,C,dwb,1025,1,reached,54.8,26.858,0,0,0,nan,nan,0,0.3605,0.145,5.571,0.0649,0,nan,54.8
empty_corridor,C,dwb,1026,1,reached,54.8,26.735,0,0,0,nan,nan,0,0.4468,0.306,6.198,0.068,0,nan,54.8
empty_corridor,C,dwb,1027,1,reached,54.9,26.892,0,0,0,nan,nan,0,0.5497,0.118,5.584,0.0686,0,nan,54.9
empty_corridor,C,dwb,1028,1,reached,54.8,26.912,0,0,0,nan,nan,0,0.3366,0.102,5.86,0.0684,0,nan,54.8
empty_corridor,C,dwb,1029,1,reached,54.8,26.927,0,0,0,nan,nan,0,0.5366,0.094,5.765,0.067,0,nan,54.8
empty_corridor,D,dwb,1000,1,reached,55.0,26.956,0,0,0,nan,nan,0,0.4322,0.156,5.936,0.0712,0,nan,55.0
empty_corridor,D,dwb,1001,1,reached,54.5,26.631,0,0,0,nan,nan,0,0.1659,0.405,6.106,0.0682,0,nan,54.5
empty_corridor,D,dwb,1002,1,reached,54.9,26.917,0,0,0,nan,nan,0,0.2717,0.129,5.676,0.0658,0,nan,54.9
empty_corridor,D,dwb,1003,1,reached,54.8,26.889,0,0,0,nan,nan,0,0.3669,0.116,5.509,0.0632,0,nan,54.8
empty_corridor,D,dwb,1004,1,reached,55.0,26.92,0,0,0,nan,nan,0,0.2544,0.096,5.795,0.0674,0,nan,55.0
empty_corridor,D,dwb,1005,1,reached,54.6,26.763,0,0,0,nan,nan,0,0.1552,0.274,5.486,0.0665,0,nan,54.6
empty_corridor,D,dwb,1006,1,reached,55.5,27.133,0,0,0,nan,nan,0,0.1508,0.117,5.515,0.0653,0,nan,55.5
empty_corridor,D,dwb,1007,1,reached,54.8,26.958,0,0,0,nan,nan,0,0.53,0.077,5.93,0.069,0,nan,54.8
empty_corridor,D,dwb,1008,1,reached,54.7,26.854,0,0,0,nan,nan,0,0.3916,0.163,5.554,0.0691,0,nan,54.7
empty_corridor,D,dwb,1009,1,reached,54.8,26.902,0,0,0,nan,nan,0,0.1903,0.115,5.76,0.0687,0,nan,54.8
empty_corridor,D,dwb,1010,1,reached,62.4,27.005,0,0,0,nan,nan,2,0.7676,0.109,6.241,0.0692,0,nan,62.4
empty_corridor,D,dwb,1011,1,reached,54.9,26.852,0,0,0,nan,nan,0,0.3778,0.169,5.369,0.0606,0,nan,54.9
empty_corridor,D,dwb,1012,1,reached,54.8,26.847,0,0,0,nan,nan,0,0.187,0.171,5.356,0.062,0,nan,54.8
empty_corridor,D,dwb,1013,1,reached,55.1,27.023,0,0,0,nan,nan,0,0.6713,0.045,5.512,0.0626,0,nan,55.1
empty_corridor,D,dwb,1014,0,aborted,nan,24.246,0,0,0,nan,nan,6,1.2505,3.583,8.054,0.0667,0,nan,72.5
empty_corridor,D,dwb,1015,1,reached,55.0,26.894,0,0,0,nan,nan,0,0.1344,0.145,5.696,0.0656,0,nan,55.0
empty_corridor,D,dwb,1016,1,reached,54.9,26.946,0,0,0,nan,nan,0,0.1788,0.104,6.002,0.0657,0,nan,54.9
empty_corridor,D,dwb,1017,1,reached,54.9,26.791,0,0,0,nan,nan,0,0.5227,0.217,5.566,0.0644,0,nan,54.9
empty_corridor,D,dwb,1018,1,reached,54.8,26.865,0,0,0,nan,nan,0,0.1063,0.145,5.632,0.068,0,nan,54.8
empty_corridor,D,dwb,1019,1,reached,54.9,26.883,0,0,0,nan,nan,0,0.2623,0.142,6.076,0.0704,0,nan,54.9
empty_corridor,D,dwb,1020,1,reached,55.4,27.074,0,0,0,nan,nan,0,0.2292,0.115,5.798,0.0664,0,nan,55.4
empty_corridor,D,dwb,1021,1,reached,54.5,26.78,0,0,0,nan,nan,0,0.0972,0.242,6.6,0.0773,0,nan,54.5
empty_corridor,D,dwb,1022,1,reached,55.5,27.101,0,0,0,nan,nan,0,0.2431,0.174,6.071,0.0698,0,nan,55.5
empty_corridor,D,dwb,1023,1,reached,54.9,26.913,0,0,0,nan,nan,0,0.1776,0.133,6.034,0.0737,0,nan,54.9
empty_corridor,D,dwb,1024,1,reached,54.9,26.954,0,0,0,nan,nan,0,0.2851,0.091,6.509,0.0768,0,nan,54.9
empty_corridor,D,dwb,1025,1,reached,54.8,26.858,0,0,0,nan,nan,0,0.3605,0.145,5.709,0.0684,0,nan,54.8
empty_corridor,D,dwb,1026,1,reached,54.8,26.735,0,0,0,nan,nan,0,0.4468,0.306,6.632,0.0755,0,nan,54.8
empty_corridor,D,dwb,1027,1,reached,54.9,26.892,0,0,0,nan,nan,0,0.5497,0.118,6.44,0.0833,0,nan,54.9
empty_corridor,D,dwb,1028,1,reached,54.8,26.912,0,0,0,nan,nan,0,0.3366,0.102,6.384,0.0766,0,nan,54.8
empty_corridor,D,dwb,1029,1,reached,54.8,26.927,0,0,0,nan,nan,0,0.5366,0.094,6.466,0.0773,0,nan,54.8
glass_wall,A,dwb,1000,0,aborted,nan,10.31,4,4,0,nan,nan,6,0.0457,8.814,5.092,nan,0,nan,99.7
glass_wall,A,dwb,1001,0,aborted,nan,10.351,2,2,0,nan,nan,6,0.0391,8.694,5.939,nan,0,nan,98.6
glass_wall,A,dwb,1002,0,aborted,nan,10.387,2,2,0,nan,nan,6,0.0959,8.406,6.022,nan,0,nan,105.7
glass_wall,A,dwb,1003,0,aborted,nan,9.02,0,0,0,nan,nan,6,0.0423,9.1,5.664,nan,0,nan,94.2
glass_wall,A,dwb,1004,0,aborted,nan,8.98,1,1,0,nan,nan,6,0.0595,8.969,4.734,nan,0,nan,94.3
glass_wall,A,dwb,1005,0,aborted,nan,9.564,2,2,0,nan,nan,6,0.0432,8.847,5.728,nan,0,nan,98.5
glass_wall,A,dwb,1006,0,aborted,nan,10.296,4,4,0,nan,nan,6,0.0437,8.647,5.93,nan,0,nan,101.8
glass_wall,A,dwb,1007,0,aborted,nan,9.762,2,2,0,nan,nan,6,0.0917,8.424,5.8,nan,0,nan,96.0
glass_wall,A,dwb,1008,0,aborted,nan,9.701,1,1,0,nan,nan,6,0.0367,8.756,4.633,nan,0,nan,102.3
glass_wall,A,dwb,1009,0,aborted,nan,10.432,2,2,0,nan,nan,6,0.0626,8.893,6.633,nan,0,nan,102.5
glass_wall,A,dwb,1010,0,aborted,nan,10.02,2,2,0,nan,nan,6,0.05,8.782,6.368,nan,0,nan,97.0
glass_wall,A,dwb,1011,0,aborted,nan,9.74,2,2,0,nan,nan,6,0.0451,8.669,6.633,nan,0,nan,95.6
glass_wall,A,dwb,1012,0,aborted,nan,11.062,4,4,0,nan,nan,6,0.0614,8.746,5.485,nan,0,nan,101.3
glass_wall,A,dwb,1013,0,aborted,nan,9.693,3,3,0,nan,nan,6,0.0417,8.91,6.137,nan,0,nan,100.4
glass_wall,A,dwb,1014,0,aborted,nan,9.628,2,2,0,nan,nan,6,0.0569,8.541,4.794,nan,0,nan,95.7
glass_wall,A,dwb,1015,0,aborted,nan,9.666,3,3,0,nan,nan,6,0.0424,8.727,5.958,nan,0,nan,97.9
glass_wall,A,dwb,1016,0,aborted,nan,10.318,2,2,0,nan,nan,6,0.0405,8.791,5.814,nan,0,nan,99.9
glass_wall,A,dwb,1017,0,aborted,nan,9.464,2,2,0,nan,nan,6,0.0469,8.755,5.008,nan,0,nan,94.6
glass_wall,A,dwb,1018,0,aborted,nan,10.114,3,3,0,nan,nan,6,0.0468,8.823,5.808,nan,0,nan,108.8
glass_wall,A,dwb,1019,0,aborted,nan,10.0,1,1,0,nan,nan,6,0.0495,8.655,5.785,nan,0,nan,98.4
glass_wall,A,dwb,1020,0,aborted,nan,9.493,3,3,0,nan,nan,6,0.0503,8.896,5.621,nan,0,nan,99.4
glass_wall,A,dwb,1021,0,aborted,nan,9.87,2,2,0,nan,nan,6,0.0379,8.732,4.922,nan,0,nan,100.4
glass_wall,A,dwb,1022,0,aborted,nan,10.902,3,3,0,nan,nan,6,0.0617,8.389,5.551,nan,0,nan,97.1
glass_wall,A,dwb,1023,0,aborted,nan,10.767,4,4,0,nan,nan,6,0.0592,8.312,5.875,nan,0,nan,102.3
glass_wall,A,dwb,1024,0,aborted,nan,9.817,1,1,0,nan,nan,6,0.051,8.676,5.686,nan,0,nan,101.6
glass_wall,A,dwb,1025,0,aborted,nan,10.294,2,2,0,nan,nan,6,0.0505,8.176,5.052,nan,0,nan,98.3
glass_wall,A,dwb,1026,0,aborted,nan,10.925,2,2,0,nan,nan,6,0.0442,8.779,6.23,nan,0,nan,98.7
glass_wall,A,dwb,1027,0,aborted,nan,10.005,3,3,0,nan,nan,6,0.0478,8.433,5.768,nan,0,nan,98.5
glass_wall,A,dwb,1028,0,aborted,nan,10.402,4,4,0,nan,nan,6,0.0676,8.986,6.314,nan,0,nan,107.6
glass_wall,A,dwb,1029,0,aborted,nan,10.227,2,2,0,nan,nan,6,0.0372,8.197,5.043,nan,0,nan,95.8
glass_wall,B,dwb,1000,0,aborted,nan,10.481,4,4,0,nan,nan,6,0.0406,8.783,6.089,nan,0,nan,101.7
glass_wall,B,dwb,1001,0,aborted,nan,10.661,4,4,0,nan,nan,6,0.0779,8.638,5.981,nan,0,nan,96.7
glass_wall,B,dwb,1002,0,aborted,nan,10.655,3,3,0,nan,nan,6,0.0695,8.416,4.932,nan,0,nan,100.9
glass_wall,B,dwb,1003,0,aborted,nan,9.965,3,3,0,nan,nan,6,0.0402,8.72,5.889,nan,0,nan,102.1
glass_wall,B,dwb,1004,0,aborted,nan,9.189,3,3,0,nan,nan,6,0.0455,8.977,5.795,nan,0,nan,94.3
glass_wall,B,dwb,1005,0,aborted,nan,9.772,3,3,0,nan,nan,6,0.0486,8.666,5.024,nan,0,nan,95.5
glass_wall,B,dwb,1006,0,aborted,nan,10.233,2,2,0,nan,nan,6,0.0448,8.675,5.834,nan,0,nan,97.3
glass_wall,B,dwb,1007,0,aborted,nan,10.389,4,4,0,nan,nan,6,0.074,8.454,5.853,nan,0,nan,98.8
glass_wall,B,dwb,1008,0,aborted,nan,9.969,3,3,0,nan,nan,6,0.0392,8.751,4.921,nan,0,nan,100.2
glass_wall,B,dwb,1009,0,aborted,nan,10.633,3,3,0,nan,nan,6,0.0464,8.938,5.571,nan,0,nan,102.3
glass_wall,B,dwb,1010,0,aborted,nan,10.163,1,1,0,nan,nan,6,0.042,8.835,5.658,nan,0,nan,98.7
glass_wall,B,dwb,1011,0,aborted,nan,9.968,2,2,0,nan,nan,6,0.0463,8.68,5.805,nan,0,nan,105.6
glass_wall,B,dwb,1012,0,aborted,nan,10.58,3,3,0,nan,nan,6,0.0811,8.747,5.356,nan,0,nan,110.3
glass_wall,B,dwb,1013,0,aborted,nan,9.843,2,2,0,nan,nan,6,0.0674,8.953,5.898,nan,0,nan,98.3
glass_wall,B,dwb,1014,0,aborted,nan,9.95,3,3,0,nan,nan,6,0.0421,8.528,5.565,nan,0,nan,101.1
glass_wall,B,dwb,1015,0,aborted,nan,9.574,1,1,0,nan,nan,6,0.0554,8.702,5.376,nan,0,nan,96.1
glass_wall,B,dwb,1016,0,aborted,nan,9.894,1,1,0,nan,nan,6,0.0419,8.8,4.952,nan,0,nan,98.0
glass_wall,B,dwb,1017,0,aborted,nan,9.943,3,3,0,nan,nan,6,0.0783,8.797,6.291,nan,0,nan,103.5
glass_wall,B,dwb,1018,0,aborted,nan,9.885,2,2,0,nan,nan,6,0.0579,8.809,5.951,nan,0,nan,97.8
glass_wall,B,dwb,1019,0,aborted,nan,9.95,2,2,0,nan,nan,6,0.0636,8.661,6.453,nan,0,nan,98.0
glass_wall,B,dwb,1020,0,aborted,nan,9.345,3,3,0,nan,nan,6,0.0476,8.893,5.792,nan,0,nan,105.0
glass_wall,B,dwb,1021,0,aborted,nan,9.952,2,2,0,nan,nan,6,0.0306,8.725,6.662,nan,0,nan,99.3
glass_wall,B,dwb,1022,0,aborted,nan,10.615,2,2,0,nan,nan,6,0.0572,8.315,6.221,nan,0,nan,102.1
glass_wall,B,dwb,1023,0,aborted,nan,10.322,3,3,0,nan,nan,6,0.0645,8.396,6.263,nan,0,nan,98.4
glass_wall,B,dwb,1024,0,aborted,nan,9.74,1,1,0,nan,nan,6,0.0379,8.674,5.415,nan,0,nan,105.1
glass_wall,B,dwb,1025,0,aborted,nan,10.221,2,2,0,nan,nan,6,0.0519,8.109,6.55,nan,0,nan,100.9
glass_wall,B,dwb,1026,0,aborted,nan,10.08,1,1,0,nan,nan,6,0.06,8.855,6.747,nan,0,nan,99.1
glass_wall,B,dwb,1027,0,aborted,nan,10.208,2,2,0,nan,nan,6,0.0481,8.475,6.41,nan,0,nan,96.9
glass_wall,B,dwb,1028,0,aborted,nan,9.922,3,3,0,nan,nan,6,0.095,9.074,5.98,nan,0,nan,100.8
glass_wall,B,dwb,1029,0,aborted,nan,10.847,3,3,0,nan,nan,6,0.0461,8.18,6.684,nan,0,nan,109.8
glass_wall,C,dwb,1000,1,reached,42.6,20.442,0,0,0,nan,nan,0,0.0468,0.258,8.298,0.228,0,nan,42.6
glass_wall,C,dwb,1001,1,reached,44.6,21.363,0,0,0,nan,nan,0,0.0482,0.271,8.555,0.2169,0,nan,44.6
glass_wall,C,dwb,1002,1,reached,47.5,23.047,0,0,0,nan,nan,0,0.0886,0.258,7.024,0.1976,0,nan,47.5
glass_wall,C,dwb,1003,1,reached,46.6,22.58,0,0,0,nan,nan,0,0.0536,0.262,8.06,0.2085,0,nan,46.6
glass_wall,C,dwb,1004,1,reached,55.3,22.036,0,0,0,nan,nan,1,0.0505,0.279,7.9,0.2168,0,nan,55.3
glass_wall,C,dwb,1005,1,reached,44.9,21.138,0,0,0,nan,nan,0,0.0412,0.263,6.326,0.1861,0,nan,44.9
glass_wall,C,dwb,1006,1,reached,43.9,21.343,0,0,0,nan,nan,0,0.0387,0.258,7.938,0.1973,0,nan,43.9
glass_wall,C,dwb,1007,1,reached,46.1,22.476,0,0,0,nan,nan,0,0.1096,0.225,8.535,0.2075,0,nan,46.1
glass_wall,C,dwb,1008,1,reached,53.8,21.089,0,0,0,nan,nan,1,0.0595,0.225,6.711,0.2005,0,nan,53.8
glass_wall,C,dwb,1009,1,reached,47.1,21.997,0,0,0,nan,nan,0,0.0525,0.256,8.098,0.2324,0,nan,47.1
glass_wall,C,dwb,1010,1,reached,42.0,20.443,0,0,0,nan,nan,0,0.0474,0.229,7.42,0.1987,0,nan,42.0
glass_wall,C,dwb,1011,1,reached,45.7,22.26,0,0,0,nan,nan,0,0.0994,0.224,7.734,0.195,0,nan,45.7
glass_wall,C,dwb,1012,1,reached,42.7,20.744,0,0,0,nan,nan,0,0.0471,0.258,6.936,0.1901,0,nan,42.7
glass_wall,C,dwb,1013,1,reached,43.3,20.864,0,0,0,nan,nan,0,0.0409,0.235,9.291,0.2438,0,nan,43.3
glass_wall,C,dwb,1014,1,reached,41.4,20.009,0,0,0,nan,nan,0,0.0556,0.236,8.213,0.2161,0,nan,41.4
glass_wall,C,dwb,1015,1,reached,40.3,19.562,0,0,0,nan,nan,0,0.0446,0.236,7.663,0.1871,0,nan,40.3
glass_wall,C,dwb,1016,1,reached,45.9,22.259,0,0,0,nan,nan,0,0.0485,0.264,6.806,0.1956,0,nan,45.9
glass_wall,C,dwb,1017,1,reached,44.6,21.71,0,0,0,nan,nan,0,0.0478,0.25,7.343,0.1927,0,nan,44.6
glass_wall,C,dwb,1018,1,reached,55.3,21.82,0,0,0,nan,nan,1,0.0437,0.26,7.192,0.1923,0,nan,55.3
glass_wall,C,dwb,1019,1,reached,47.1,22.656,0,0,0,nan,nan,0,0.0516,0.272,7.55,0.1921,0,nan,47.1
glass_wall,C,dwb,1020,1,reached,45.6,22.171,0,0,0,nan,nan,0,0.0484,0.263,6.732,0.1975,0,nan,45.6
glass_wall,C,dwb,1021,1,reached,42.6,20.383,0,0,0,nan,nan,0,0.0379,0.242,7.838,0.1963,0,nan,42.6
glass_wall,C,dwb,1022,1,reached,47.2,22.968,0,0,0,nan,nan,0,0.0497,0.248,7.747,0.1949,0,nan,47.2
glass_wall,C,dwb,1023,1,reached,48.7,23.715,0,0,0,nan,nan,0,0.0889,0.216,7.689,0.2005,0,nan,48.7
glass_wall,C,dwb,1024,1,reached,39.6,19.127,0,0,0,nan,nan,0,0.0532,0.237,6.606,0.1944,0,nan,39.6
glass_wall,C,dwb,1025,1,reached,49.5,19.635,0,0,0,nan,nan,0,0.0708,0.262,7.484,0.1937,0,nan,49.5
glass_wall,C,dwb,1026,1,reached,46.2,22.357,0,0,0,nan,nan,0,0.0622,0.239,6.889,0.204,0,nan,46.2
glass_wall,C,dwb,1027,1,reached,41.7,20.182,0,0,0,nan,nan,0,0.0533,0.258,7.759,0.2088,0,nan,41.7
glass_wall,C,dwb,1028,1,reached,43.1,20.951,0,0,0,nan,nan,0,0.0579,0.248,7.248,0.1959,0,nan,43.1
glass_wall,C,dwb,1029,1,reached,50.2,24.474,0,0,0,nan,nan,0,0.0518,0.237,7.505,0.1895,0,nan,50.2
glass_wall,D,dwb,1000,1,reached,42.6,20.442,0,0,0,nan,nan,0,0.0468,0.258,6.558,0.2008,0,nan,42.6
glass_wall,D,dwb,1001,1,reached,44.6,21.363,0,0,0,nan,nan,0,0.0482,0.271,7.499,0.1865,0,nan,44.6
glass_wall,D,dwb,1002,1,reached,47.5,23.047,0,0,0,nan,nan,0,0.0886,0.258,7.818,0.1945,0,nan,47.5
glass_wall,D,dwb,1003,1,reached,46.6,22.58,0,0,0,nan,nan,0,0.0536,0.262,6.597,0.1904,0,nan,46.6
glass_wall,D,dwb,1004,1,reached,55.3,22.036,0,0,0,nan,nan,1,0.0505,0.279,7.623,0.2047,0,nan,55.3
glass_wall,D,dwb,1005,1,reached,44.9,21.138,0,0,0,nan,nan,0,0.0412,0.263,7.571,0.193,0,nan,44.9
glass_wall,D,dwb,1006,1,reached,43.9,21.343,0,0,0,nan,nan,0,0.0387,0.258,7.624,0.1844,0,nan,43.9
glass_wall,D,dwb,1007,1,reached,46.1,22.476,0,0,0,nan,nan,0,0.1096,0.225,6.609,0.1863,0,nan,46.1
glass_wall,D,dwb,1008,1,reached,53.8,21.089,0,0,0,nan,nan,1,0.0595,0.225,7.23,0.1847,0,nan,53.8
glass_wall,D,dwb,1009,1,reached,47.1,21.997,0,0,0,nan,nan,0,0.0525,0.256,8.276,0.2188,0,nan,47.1
glass_wall,D,dwb,1010,1,reached,42.0,20.443,0,0,0,nan,nan,0,0.0474,0.229,7.968,0.2066,0,nan,42.0
glass_wall,D,dwb,1011,1,reached,45.7,22.26,0,0,0,nan,nan,0,0.0994,0.224,6.762,0.1926,0,nan,45.7
glass_wall,D,dwb,1012,1,reached,42.7,20.744,0,0,0,nan,nan,0,0.0471,0.258,7.347,0.1854,0,nan,42.7
glass_wall,D,dwb,1013,1,reached,43.3,20.864,0,0,0,nan,nan,0,0.0409,0.235,7.297,0.1773,0,nan,43.3
glass_wall,D,dwb,1014,1,reached,41.4,20.009,0,0,0,nan,nan,0,0.0556,0.236,7.928,0.2138,0,nan,41.4
glass_wall,D,dwb,1015,1,reached,40.3,19.562,0,0,0,nan,nan,0,0.0446,0.236,6.642,0.1887,0,nan,40.3
glass_wall,D,dwb,1016,1,reached,45.9,22.259,0,0,0,nan,nan,0,0.0485,0.264,9.226,0.2404,0,nan,45.9
glass_wall,D,dwb,1017,1,reached,44.6,21.71,0,0,0,nan,nan,0,0.0478,0.25,9.07,0.2512,0,nan,44.6
glass_wall,D,dwb,1018,1,reached,55.3,21.82,0,0,0,nan,nan,1,0.0437,0.26,7.611,0.2229,0,nan,55.3
glass_wall,D,dwb,1019,1,reached,47.1,22.656,0,0,0,nan,nan,0,0.0516,0.272,8.844,0.2297,0,nan,47.1
glass_wall,D,dwb,1020,1,reached,45.6,22.171,0,0,0,nan,nan,0,0.0484,0.263,7.817,0.2126,0,nan,45.6
glass_wall,D,dwb,1021,1,reached,42.6,20.383,0,0,0,nan,nan,0,0.0379,0.242,8.406,0.2112,0,nan,42.6
glass_wall,D,dwb,1022,1,reached,47.2,22.968,0,0,0,nan,nan,0,0.0497,0.248,7.191,0.2034,0,nan,47.2
glass_wall,D,dwb,1023,1,reached,48.7,23.715,0,0,0,nan,nan,0,0.0889,0.216,8.146,0.206,0,nan,48.7
glass_wall,D,dwb,1024,1,reached,39.6,19.127,0,0,0,nan,nan,0,0.0532,0.237,7.519,0.1951,0,nan,39.6
glass_wall,D,dwb,1025,1,reached,49.5,19.635,0,0,0,nan,nan,0,0.0708,0.262,7.378,0.1887,0,nan,49.5
glass_wall,D,dwb,1026,1,reached,46.2,22.357,0,0,0,nan,nan,0,0.0622,0.239,6.536,0.1855,0,nan,46.2
glass_wall,D,dwb,1027,1,reached,41.7,20.182,0,0,0,nan,nan,0,0.0533,0.258,7.037,0.1783,0,nan,41.7
glass_wall,D,dwb,1028,1,reached,43.1,20.951,0,0,0,nan,nan,0,0.0579,0.248,7.478,0.1992,0,nan,43.1
glass_wall,D,dwb,1029,1,reached,50.2,24.474,0,0,0,nan,nan,0,0.0518,0.237,6.422,0.1763,0,nan,50.2
kidnapped,A,dwb,1000,1,reached,52.1,12.286,0,0,0,nan,nan,6,3.6066,0.244,28.503,nan,1,28.8,52.1
kidnapped,A,dwb,1001,0,reached,nan,6.685,0,0,0,nan,nan,0,4.6796,7.834,23.493,nan,1,nan,17.6
kidnapped,A,dwb,1002,1,reached,45.1,18.663,0,0,0,nan,nan,1,3.4927,0.28,29.262,nan,1,7.3,45.1
kidnapped,A,dwb,1003,0,aborted,nan,6.231,0,0,0,nan,nan,6,2.0716,10.783,27.354,nan,1,nan,36.4
kidnapped,A,dwb,1004,0,reached,nan,30.507,0,0,0,nan,nan,0,7.7442,14.228,20.849,nan,1,nan,72.9
kidnapped,A,dwb,1005,1,reached,42.8,18.15,0,0,0,nan,nan,1,1.4344,0.272,20.87,nan,1,3.5,42.8
kidnapped,A,dwb,1006,0,reached,nan,21.162,0,0,0,nan,nan,0,7.9337,14.175,18.778,nan,1,nan,48.3
kidnapped,A,dwb,1007,0,reached,nan,21.719,0,0,0,nan,nan,0,7.8571,14.196,19.698,nan,1,nan,49.3
kidnapped,A,dwb,1008,1,reached,36.7,17.183,0,0,0,nan,nan,0,1.1543,0.255,13.115,nan,1,3.5,36.7
kidnapped,A,dwb,1009,1,reached,23.4,9.975,0,0,0,nan,nan,0,3.2972,0.298,17.332,nan,1,3.4,23.4
kidnapped,A,dwb,1010,1,reached,55.5,16.978,0,0,0,nan,nan,2,4.2402,0.207,31.363,nan,1,15.7,55.5
kidnapped,A,dwb,1011,0,aborted,nan,5.898,0,0,0,nan,nan,6,4.7942,11.161,18.787,nan,0,nan,36.1
kidnapped,A,dwb,1012,1,reached,32.5,12.727,0,0,0,nan,nan,0,3.904,0.265,25.575,nan,1,4.6,32.5
kidnapped,A,dwb,1013,0,reached,nan,12.259,0,0,0,nan,nan,5,5.6276,14.271,38.023,nan,1,nan,55.1
kidnapped,A,dwb,1014,1,reached,27.4,11.302,0,0,0,nan,nan,0,3.1449,0.238,24.022,nan,1,3.5,27.4
kidnapped,A,dwb,1015,1,reached,47.0,17.145,0,0,0,nan,nan,2,5.9692,0.237,35.404,nan,1,18.1,47.0
kidnapped,A,dwb,1016,1,reached,50.0,9.958,0,0,0,nan,nan,2,8.3436,0.277,28.01,nan,1,30.9,50.0
kidnapped,A,dwb,1017,1,reached,61.0,18.937,0,0,0,nan,nan,3,2.7116,0.264,18.678,nan,1,10.0,61.0
kidnapped,A,dwb,1018,1,reached,37.1,17.446,0,0,0,nan,nan,0,1.0626,0.218,18.257,nan,1,3.3,37.1
kidnapped,A,dwb,1019,1,reached,30.1,10.853,0,0,0,nan,nan,0,5.1042,0.238,34.703,nan,1,6.6,30.1
kidnapped,A,dwb,1020,0,reached,nan,9.728,0,0,0,nan,nan,0,8.8798,14.281,31.504,nan,1,nan,25.0
kidnapped,A,dwb,1021,0,reached,nan,6.476,0,0,0,nan,nan,0,6.8286,14.145,34.29,nan,1,nan,20.7
kidnapped,A,dwb,1022,0,reached,nan,21.739,0,0,0,nan,nan,0,7.7435,14.169,14.351,nan,1,nan,46.3
kidnapped,A,dwb,1023,1,reached,48.2,18.246,0,0,0,nan,nan,1,0.5152,0.267,29.702,nan,1,4.6,48.2
kidnapped,A,dwb,1024,1,reached,54.1,20.511,0,0,0,nan,nan,2,6.923,0.266,31.8,nan,1,23.0,54.1
kidnapped,A,dwb,1025,1,reached,57.7,24.035,0,0,0,nan,nan,0,4.696,0.27,39.573,nan,1,22.7,57.7
kidnapped,A,dwb,1026,1,reached,49.3,10.386,0,0,0,nan,nan,6,8.1523,0.229,41.12,nan,1,28.3,49.3
kidnapped,A,dwb,1027,1,reached,70.6,28.636,0,0,0,nan,nan,2,4.6804,0.276,35.074,nan,1,25.0,70.6
kidnapped,A,dwb,1028,0,aborted,nan,19.953,0,0,0,nan,nan,6,7.9505,5.994,18.999,nan,0,nan,76.2
kidnapped,A,dwb,1029,0,reached,nan,18.392,0,0,0,nan,nan,1,8.0182,14.166,21.27,nan,1,nan,44.2
kidnapped,B,dwb,1000,0,aborted,nan,6.292,0,0,0,nan,nan,6,5.0803,4.414,23.709,nan,1,nan,36.8
kidnapped,B,dwb,1001,1,reached,43.2,17.935,0,0,0,nan,nan,1,6.2376,0.285,33.475,nan,1,13.6,43.2
kidnapped,B,dwb,1002,1,reached,41.3,18.795,0,0,0,nan,nan,0,0.5494,0.248,18.253,nan,1,3.4,41.3
kidnapped,B,dwb,1003,0,reached,nan,10.091,0,0,0,nan,nan,0,7.5566,14.167,18.825,nan,1,nan,24.9
kidnapped,B,dwb,1004,1,reached,65.7,14.942,0,0,0,nan,nan,5,7.5912,0.293,24.61,nan,1,47.4,65.7
kidnapped,B,dwb,1005,1,reached,42.6,18.364,0,0,0,nan,nan,1,1.4553,0.268,21.056,nan,1,3.5,42.6
kidnapped,B,dwb,1006,0,reached,nan,21.008,0,0,0,nan,nan,0,7.8646,14.191,19.436,nan,1,nan,44.7
kidnapped,B,dwb,1007,0,reached,nan,21.295,0,0,0,nan,nan,0,7.5188,14.192,31.984,nan,1,nan,48.0
kidnapped,B,dwb,1008,1,reached,36.8,17.252,0,0,0,nan,nan,0,1.152,0.286,18.07,nan,1,3.5,36.8
kidnapped,B,dwb,1009,1,reached,23.7,9.943,0,0,0,nan,nan,0,3.303,0.283,27.418,nan,1,4.2,23.7
kidnapped,B,dwb,1010,0,reached,nan,19.32,0,0,0,nan,nan,1,8.1533,14.178,30.8,nan,1,nan,44.7
kidnapped,B,dwb,1011,0,aborted,nan,5.366,0,0,0,nan,nan,6,7.4289,11.439,26.59,nan,1,nan,37.3
kidnapped,B,dwb,1012,0,reached,nan,18.518,0,0,0,nan,nan,1,8.086,14.158,23.582,nan,1,nan,45.0
kidnapped,B,dwb,1013,0,reached,nan,7.75,0,0,0,nan,nan,0,7.2435,14.213,24.493,nan,1,nan,20.5
kidnapped,B,dwb,1014,0,reached,nan,17.577,0,0,0,nan,nan,0,7.5669,14.188,29.367,nan,1,nan,38.4
kidnapped,B,dwb,1015,1,reached,41.8,12.745,0,0,0,nan,nan,2,4.7914,0.233,28.038,nan,1,15.6,41.8
kidnapped,B,dwb,1016,1,reached,36.6,12.266,0,0,0,nan,nan,2,5.2164,0.281,35.036,nan,1,14.4,36.6
kidnapped,B,dwb,1017,0,aborted,nan,8.26,0,0,0,nan,nan,6,6.8699,12.956,28.218,nan,1,nan,40.3
kidnapped,B,dwb,1018,1,reached,37.4,16.634,0,0,0,nan,nan,1,2.5287,0.24,18.2,nan,1,3.5,37.4
kidnapped,B,dwb,1019,1,reached,25.6,10.185,0,0,0,nan,nan,0,3.6303,0.237,31.495,nan,1,3.4,25.6
kidnapped,B,dwb,1020,0,aborted,nan,7.688,0,0,0,nan,nan,6,1.7958,12.883,40.115,nan,1,8.1,41.8
kidnapped,B,dwb,1021,1,reached,42.7,18.994,0,0,0,nan,nan,0,0.7126,0.263,17.56,nan,1,3.4,42.7
kidnapped,B,dwb,1022,1,reached,24.3,9.837,0,0,0,nan,nan,0,3.4671,0.254,27.778,nan,1,3.7,24.3
kidnapped,B,dwb,1023,0,reached,nan,8.528,0,0,0,nan,nan,0,7.9308,14.186,31.614,nan,1,nan,25.7
kidnapped,B,dwb,1024,0,reached,nan,19.408,0,0,0,nan,nan,6,8.7462,14.166,22.102,nan,1,nan,64.8
kidnapped,B,dwb,1025,0,aborted,nan,6.356,0,0,0,nan,nan,6,4.5722,4.439,15.528,nan,0,nan,36.1
kidnapped,B,dwb,1026,0,reached,nan,18.812,0,0,0,nan,nan,0,8.3458,14.194,28.541,nan,1,nan,43.1
kidnapped,B,dwb,1027,0,reached,nan,11.633,0,0,0,nan,nan,0,7.5956,14.222,28.507,nan,1,nan,26.8
kidnapped,B,dwb,1028,0,aborted,nan,21.755,0,0,0,nan,nan,6,8.0051,6.01,19.408,nan,0,nan,80.2
kidnapped,B,dwb,1029,0,reached,nan,28.833,0,0,0,nan,nan,1,7.7069,14.16,26.563,nan,1,nan,67.4
kidnapped,C,dwb,1000,1,reached,49.5,20.211,0,0,0,nan,nan,1,4.0378,0.262,31.673,0.1433,1,17.3,49.5
kidnapped,C,dwb,1001,1,reached,61.5,26.613,0,0,0,nan,nan,1,5.1926,0.275,34.071,0.1616,1,23.6,61.5
kidnapped,C,dwb,1002,1,reached,41.3,18.831,0,0,0,nan,nan,0,0.5388,0.258,17.499,0.11,1,3.4,41.3
kidnapped,C,dwb,1003,0,aborted,nan,6.211,0,0,0,nan,nan,6,2.0909,10.81,21.393,0.1267,1,nan,36.6
kidnapped,C,dwb,1004,0,reached,nan,25.551,0,0,0,nan,nan,1,6.6886,14.135,31.882,0.1384,1,nan,58.0
kidnapped,C,dwb,1005,1,reached,42.4,18.352,0,0,0,nan,nan,1,1.4733,0.238,18.562,0.0738,1,3.5,42.4
kidnapped,C,dwb,1006,1,reached,20.0,8.506,0,0,0,nan,nan,0,3.182,0.283,16.932,0.0707,1,3.4,20.0
kidnapped,C,dwb,1007,1,reached,68.7,26.226,0,0,0,nan,nan,1,4.3776,0.247,33.793,0.1414,1,26.3,68.7
kidnapped,C,dwb,1008,1,reached,44.6,17.084,0,0,0,nan,nan,1,3.1443,0.247,23.057,0.1239,1,7.4,44.6
kidnapped,C,dwb,1009,0,reached,nan,19.028,0,0,0,nan,nan,0,7.9811,14.176,22.299,0.128,1,nan,41.1
kidnapped,C,dwb,1010,1,reached,42.9,16.851,0,0,0,nan,nan,1,4.853,0.221,32.521,0.1171,1,15.1,42.9
kidnapped,C,dwb,1011,0,aborted,nan,5.358,0,0,0,nan,nan,6,7.4293,11.43,27.913,0.1666,1,nan,37.3
kidnapped,C,dwb,1012,0,aborted,nan,5.453,0,0,0,nan,nan,6,6.3696,7.297,26.691,0.1143,1,nan,37.0
kidnapped,C,dwb,1013,0,reached,nan,7.74,0,0,0,nan,nan,0,7.2917,14.196,26.191,0.1618,1,nan,20.5
kidnapped,C,dwb,1014,0,reached,nan,17.498,0,0,0,nan,nan,0,7.7358,14.217,27.138,0.1566,1,nan,37.4
kidnapped,C,dwb,1015,0,aborted,nan,5.491,0,0,0,nan,nan,6,9.8608,7.362,20.786,0.1084,0,nan,35.9
kidnapped,C,dwb,1016,1,reached,39.9,12.624,0,0,0,nan,nan,2,6.7581,0.296,40.629,0.1822,1,12.5,39.9
kidnapped,C,dwb,1017,1,reached,58.3,26.769,0,0,0,nan,nan,1,1.5145,0.25,18.869,0.1375,1,7.9,58.3
kidnapped,C,dwb,1018,1,reached,36.8,16.614,0,0,0,nan,nan,0,2.7021,0.246,20.319,0.1288,1,3.7,36.8
kidnapped,C,dwb,1019,1,reached,38.4,15.049,0,0,0,nan,nan,0,3.2495,0.234,33.677,0.1863,1,11.7,38.4
kidnapped,C,dwb,1020,0,aborted,nan,6.968,0,0,0,nan,nan,6,1.7967,12.695,37.738,0.1088,1,21.4,41.2
kidnapped,C,dwb,1021,1,reached,49.0,21.238,0,0,0,nan,nan,0,0.6488,0.285,37.741,0.2102,1,3.4,49.0
kidnapped,C,dwb,1022,1,reached,43.7,9.596,0,0,0,nan,nan,6,4.8153,0.284,26.074,0.1588,1,23.7,43.7
kidnapped,C,dwb,1023,0,reached,nan,7.876,0,0,0,nan,nan,0,7.2276,14.214,27.036,0.1803,1,nan,21.7
kidnapped,C,dwb,1024,0,reached,nan,19.611,0,0,0,nan,nan,0,8.9427,14.168,20.536,0.1306,1,nan,45.1
kidnapped,C,dwb,1025,0,aborted,nan,6.157,0,0,0,nan,nan,6,4.6813,4.293,17.554,0.1035,0,nan,35.7
kidnapped,C,dwb,1026,1,reached,21.6,8.944,0,0,0,nan,nan,0,3.8828,0.237,25.398,0.0961,1,3.5,21.6
kidnapped,C,dwb,1027,0,reached,nan,10.674,0,0,0,nan,nan,0,6.3794,14.159,26.48,0.1239,1,nan,33.0
kidnapped,C,dwb,1028,0,aborted,nan,20.154,0,0,0,nan,nan,6,7.9595,5.883,19.171,0.1302,0,nan,77.2
kidnapped,C,dwb,1029,1,reached,50.0,21.912,0,0,0,nan,nan,0,4.2119,0.243,22.757,0.1488,1,16.0,50.0
kidnapped,D,dwb,1000,1,reached,49.5,20.211,0,0,0,nan,nan,1,4.0378,0.262,32.76,0.1518,1,17.3,49.5
kidnapped,D,dwb,1001,1,reached,61.5,26.613,0,0,0,nan,nan,1,5.1926,0.275,34.709,0.1833,1,23.6,61.5
kidnapped,D,dwb,1002,1,reached,41.3,18.831,0,0,0,nan,nan,0,0.5388,0.258,17.066,0.1288,1,3.4,41.3
kidnapped,D,dwb,1003,0,aborted,nan,6.211,0,0,0,nan,nan,6,2.0909,10.81,21.834,0.0945,1,nan,36.6
kidnapped,D,dwb,1004,0,reached,nan,25.551,0,0,0,nan,nan,1,6.6886,14.135,30.75,0.1585,1,nan,58.0
kidnapped,D,dwb,1005,1,reached,42.4,18.352,0,0,0,nan,nan,1,1.4733,0.238,18.51,0.1499,1,3.5,42.4
kidnapped,D,dwb,1006,1,reached,20.0,8.506,0,0,0,nan,nan,0,3.182,0.283,18.276,0.1331,1,3.4,20.0
kidnapped,D,dwb,1007,1,reached,68.7,26.226,0,0,0,nan,nan,1,4.3776,0.247,32.988,0.1519,1,26.3,68.7
kidnapped,D,dwb,1008,1,reached,44.6,17.084,0,0,0,nan,nan,1,3.1443,0.247,22.777,0.0994,1,7.4,44.6
kidnapped,D,dwb,1009,0,reached,nan,19.028,0,0,0,nan,nan,0,7.9811,14.176,20.573,0.1434,1,nan,41.1
kidnapped,D,dwb,1010,1,reached,42.9,16.851,0,0,0,nan,nan,1,4.853,0.221,31.927,0.1389,1,15.1,42.9
kidnapped,D,dwb,1011,0,aborted,nan,5.358,0,0,0,nan,nan,6,7.4293,11.43,29.575,0.0813,1,nan,37.3
kidnapped,D,dwb,1012,0,aborted,nan,5.453,0,0,0,nan,nan,6,6.3696,7.297,26.208,0.0784,1,nan,37.0
kidnapped,D,dwb,1013,0,reached,nan,7.74,0,0,0,nan,nan,0,7.2917,14.196,29.577,0.1584,1,nan,20.5
kidnapped,D,dwb,1014,0,reached,nan,17.498,0,0,0,nan,nan,0,7.7358,14.217,32.528,0.1668,1,nan,37.4
kidnapped,D,dwb,1015,0,aborted,nan,5.491,0,0,0,nan,nan,6,9.8608,7.362,20.443,0.1124,0,nan,35.9
kidnapped,D,dwb,1016,1,reached,39.9,12.624,0,0,0,nan,nan,2,6.7581,0.296,38.946,0.1139,1,12.5,39.9
kidnapped,D,dwb,1017,1,reached,58.3,26.769,0,0,0,nan,nan,1,1.5145,0.25,21.033,0.1211,1,7.9,58.3
kidnapped,D,dwb,1018,1,reached,36.8,16.614,0,0,0,nan,nan,0,2.7021,0.246,20.878,0.0956,1,3.7,36.8
kidnapped,D,dwb,1019,1,reached,38.4,15.049,0,0,0,nan,nan,0,3.2495,0.234,31.393,0.0877,1,11.7,38.4
kidnapped,D,dwb,1020,0,aborted,nan,6.968,0,0,0,nan,nan,6,1.7967,12.695,40.503,0.1397,1,21.4,41.2
kidnapped,D,dwb,1021,1,reached,49.0,21.238,0,0,0,nan,nan,0,0.6488,0.285,33.28,0.1289,1,3.4,49.0
kidnapped,D,dwb,1022,1,reached,43.7,9.596,0,0,0,nan,nan,6,4.8153,0.284,23.134,0.1182,1,23.7,43.7
kidnapped,D,dwb,1023,0,reached,nan,7.876,0,0,0,nan,nan,0,7.2276,14.214,28.288,0.1261,1,nan,21.7
kidnapped,D,dwb,1024,0,reached,nan,19.611,0,0,0,nan,nan,0,8.9427,14.168,21.314,0.1248,1,nan,45.1
kidnapped,D,dwb,1025,0,aborted,nan,6.157,0,0,0,nan,nan,6,4.6813,4.293,14.665,0.1141,0,nan,35.7
kidnapped,D,dwb,1026,1,reached,21.6,8.944,0,0,0,nan,nan,0,3.8828,0.237,19.6,0.0738,1,3.5,21.6
kidnapped,D,dwb,1027,0,reached,nan,10.674,0,0,0,nan,nan,0,6.3794,14.159,24.843,0.1938,1,nan,33.0
kidnapped,D,dwb,1028,0,aborted,nan,20.154,0,0,0,nan,nan,6,7.9595,5.883,16.241,0.1097,0,nan,77.2
kidnapped,D,dwb,1029,1,reached,50.0,21.912,0,0,0,nan,nan,0,4.2119,0.243,19.302,0.0883,1,16.0,50.0
walking_actors,A,dwb,1000,1,reached,54.8,26.842,0,0,0,0.246,6.8,0,0.1347,0.164,4.7,nan,0,nan,54.8
walking_actors,A,dwb,1001,1,reached,60.4,28.266,0,0,0,0.026,11.1,0,0.1778,0.231,5.173,nan,0,nan,60.4
walking_actors,A,dwb,1002,1,reached,65.5,28.019,1,0,1,-0.033,20.3,0,0.127,0.244,5.36,nan,0,nan,65.5
walking_actors,A,dwb,1003,1,reached,55.5,27.14,0,0,0,0.083,3.7,0,0.2112,0.107,5.223,nan,0,nan,55.5
walking_actors,A,dwb,1004,1,reached,68.6,27.206,0,0,0,0.012,23.3,1,0.1261,0.239,5.468,nan,0,nan,68.6
walking_actors,A,dwb,1005,1,reached,59.0,28.37,0,0,0,0.019,8.6,0,0.1451,0.225,5.317,nan,0,nan,59.0
walking_actors,A,dwb,1006,1,reached,56.4,27.593,0,0,0,0.145,5.4,0,0.13,0.165,5.094,nan,0,nan,56.4
walking_actors,A,dwb,1007,1,reached,55.3,26.965,0,0,0,0.059,8.5,0,0.4584,0.262,5.736,nan,0,nan,55.3
walking_actors,A,dwb,1008,1,reached,55.2,26.962,0,0,0,0.029,6.2,0,0.2645,0.227,5.02,nan,0,nan,55.2
walking_actors,A,dwb,1009,1,reached,80.0,27.914,1,0,1,-0.015,32.3,2,0.1283,0.24,5.44,nan,0,nan,80.0
walking_actors,A,dwb,1010,1,reached,56.0,27.265,0,0,0,0.043,8.3,0,0.6141,0.042,5.249,nan,0,nan,56.0
walking_actors,A,dwb,1011,1,reached,63.7,27.738,0,0,0,0.027,33.8,0,0.4296,0.125,5.556,nan,0,nan,63.7
walking_actors,A,dwb,1012,1,reached,54.8,26.816,0,0,0,0.127,6.2,0,0.2183,0.206,5.107,nan,0,nan,54.8
walking_actors,A,dwb,1013,1,reached,55.4,27.033,0,0,0,0.01,5.3,0,0.1991,0.194,5.121,nan,0,nan,55.4
walking_actors,A,dwb,1014,1,reached,55.8,27.203,0,0,0,0.006,19.4,0,0.2045,0.249,5.23,nan,0,nan,55.8
walking_actors,A,dwb,1015,1,reached,55.7,27.174,0,0,0,0.033,21.0,0,0.1549,0.24,5.02,nan,0,nan,55.7
walking_actors,A,dwb,1016,1,reached,56.8,27.621,0,0,0,0.03,15.2,0,0.1057,0.215,4.804,nan,0,nan,56.8
walking_actors,A,dwb,1017,1,reached,82.7,26.945,0,0,0,0.022,37.5,2,0.1938,0.144,4.883,nan,0,nan,82.7
walking_actors,A,dwb,1018,1,reached,56.2,27.546,0,0,0,0.061,9.9,0,0.3815,0.203,5.266,nan,0,nan,56.2
walking_actors,A,dwb,1019,1,reached,56.2,27.487,0,0,0,0.078,13.7,0,0.5675,0.189,5.119,nan,0,nan,56.2
walking_actors,A,dwb,1020,1,reached,59.3,28.528,0,0,0,0.075,8.9,0,0.1392,0.211,5.343,nan,0,nan,59.3
walking_actors,A,dwb,1021,1,reached,54.7,26.812,0,0,0,0.456,1.0,0,0.2612,0.191,5.55,nan,0,nan,54.7
walking_actors,A,dwb,1022,1,reached,57.2,27.27,0,0,0,0.074,19.7,0,0.1067,0.208,5.373,nan,0,nan,57.2
walking_actors,A,dwb,1023,1,reached,70.9,29.229,1,0,1,-0.048,22.0,0,0.6184,0.212,5.62,nan,0,nan,70.9
walking_actors,A,dwb,1024,1,reached,66.9,27.738,0,0,0,0.04,26.9,1,0.4074,0.162,5.34,nan,0,nan,66.9
walking_actors,A,dwb,1025,1,reached,54.9,26.831,0,0,0,0.241,4.2,0,0.2351,0.176,5.197,nan,0,nan,54.9
walking_actors,A,dwb,1026,1,reached,54.9,26.848,0,0,0,0.073,4.5,0,0.118,0.199,4.852,nan,0,nan,54.9
walking_actors,A,dwb,1027,1,reached,74.8,28.587,0,0,0,0.015,48.6,0,0.0916,0.254,5.848,nan,0,nan,74.8
walking_actors,A,dwb,1028,1,reached,54.6,26.779,0,0,0,0.187,3.1,0,0.3937,0.228,4.932,nan,0,nan,54.6
walking_actors,A,dwb,1029,1,reached,64.6,28.444,0,0,0,0.012,20.0,0,0.4245,0.171,5.65,nan,0,nan,64.6
walking_actors,B,dwb,1000,1,reached,54.7,26.8,0,0,0,0.274,6.0,0,0.164,0.202,5.036,nan,0,nan,54.7
walking_actors,B,dwb,1001,1,reached,68.6,28.063,1,0,1,-0.011,29.8,0,0.1256,0.267,5.872,nan,0,nan,68.6
walking_actors,B,dwb,1002,1,reached,62.3,27.822,0,0,0,0.006,21.1,0,0.539,0.192,5.713,nan,0,nan,62.3
walking_actors,B,dwb,1003,1,reached,54.8,26.838,0,0,0,0.064,5.7,0,0.178,0.2,5.422,nan,0,nan,54.8
walking_actors,B,dwb,1004,1,reached,69.9,27.519,1,0,1,-0.028,26.5,0,0.29,0.285,5.787,nan,0,nan,69.9
walking_actors,B,dwb,1005,1,reached,93.1,28.055,1,0,1,-0.019,58.3,3,0.171,0.17,5.688,nan,0,nan,93.1
walking_actors,B,dwb,1006,1,reached,55.8,27.344,0,0,0,0.078,5.2,0,0.1269,0.179,5.516,nan,0,nan,55.8
walking_actors,B,dwb,1007,1,reached,55.1,26.965,0,0,0,0.036,9.0,0,0.4161,0.257,5.704,nan,0,nan,55.1
walking_actors,B,dwb,1008,1,reached,55.8,27.015,0,0,0,0.038,6.3,0,0.2656,0.225,5.941,nan,0,nan,55.8
walking_actors,B,dwb,1009,1,reached,59.4,28.145,0,0,0,0.019,10.8,0,0.1549,0.25,5.769,nan,0,nan,59.4
walking_actors,B,dwb,1010,1,reached,78.7,27.297,1,0,1,-0.017,35.0,2,0.335,0.11,5.962,nan,0,nan,78.7
walking_actors,B,dwb,1011,1,reached,62.5,27.712,1,0,1,-0.014,16.0,0,0.459,0.19,5.832,nan,0,nan,62.5
walking_actors,B,dwb,1012,1,reached,54.7,26.817,0,0,0,0.14,6.1,0,0.2046,0.196,5.654,nan,0,nan,54.7
walking_actors,B,dwb,1013,1,reached,54.8,26.913,0,0,0,0.034,9.5,0,0.4927,0.189,5.323,nan,0,nan,54.8
walking_actors,B,dwb,1014,1,reached,56.0,27.407,0,0,0,0.021,18.7,0,0.2934,0.193,5.146,nan,0,nan,56.0
walking_actors,B,dwb,1015,1,reached,103.5,28.026,0,0,0,0.012,58.2,4,0.1535,0.206,4.801,nan,0,nan,103.5
walking_actors,B,dwb,1016,1,reached,78.7,27.393,0,0,0,0.15,36.6,2,0.2603,0.201,4.982,nan,0,nan,78.7
walking_actors,B,dwb,1017,1,reached,84.7,27.244,0,0,0,0.014,37.8,2,0.3524,0.109,4.848,nan,0,nan,84.7
walking_actors,B,dwb,1018,1,reached,57.6,27.124,1,0,1,-0.013,13.4,0,0.3616,0.196,5.409,nan,0,nan,57.6
walking_actors,B,dwb,1019,1,reached,58.5,28.461,0,0,0,0.038,17.0,0,0.3156,0.183,5.483,nan,0,nan,58.5
walking_actors,B,dwb,1020,1,reached,57.6,27.68,0,0,0,0.081,20.2,0,0.1651,0.178,5.779,nan,0,nan,57.6
walking_actors,B,dwb,1021,1,reached,54.8,26.761,0,0,0,0.475,0.5,0,0.1396,0.24,5.28,nan,0,nan,54.8
walking_actors,B,dwb,1022,1,reached,56.5,27.281,0,0,0,0.017,18.9,0,0.6928,0.175,5.681,nan,0,nan,56.5
walking_actors,B,dwb,1023,1,reached,67.5,27.119,1,0,1,-0.007,27.0,1,0.2026,0.232,5.552,nan,0,nan,67.5
walking_actors,B,dwb,1024,1,reached,57.0,27.34,0,0,0,0.07,10.5,0,0.2116,0.133,5.667,nan,0,nan,57.0
walking_actors,B,dwb,1025,1,reached,54.8,26.799,0,0,0,0.227,4.2,0,0.245,0.208,5.428,nan,0,nan,54.8
walking_actors,B,dwb,1026,1,reached,55.0,26.868,0,0,0,0.091,4.4,0,0.3842,0.175,5.08,nan,0,nan,55.0
walking_actors,B,dwb,1027,1,reached,79.0,28.794,0,0,0,0.042,38.6,1,0.2528,0.188,5.526,nan,0,nan,79.0
walking_actors,B,dwb,1028,1,reached,54.8,26.827,0,0,0,0.187,3.1,0,0.1332,0.183,5.557,nan,0,nan,54.8
walking_actors,B,dwb,1029,1,reached,59.7,28.313,1,0,1,-0.021,11.2,0,0.1969,0.179,5.468,nan,0,nan,59.7
walking_actors,C,dwb,1000,1,reached,55.0,26.904,0,0,0,0.373,0.7,0,0.3311,0.194,5.8,0.1945,0,nan,55.0
walking_actors,C,dwb,1001,1,reached,59.7,28.008,0,0,0,0.054,9.5,0,0.333,0.312,5.787,0.1929,0,nan,59.7
walking_actors,C,dwb,1002,1,reached,107.5,28.64,0,0,0,0.033,70.9,3,0.2519,0.262,4.956,0.1583,0,nan,107.5
walking_actors,C,dwb,1003,1,reached,55.0,26.897,0,0,0,0.096,5.8,0,0.1106,0.175,5.422,0.2243,0,nan,55.0
walking_actors,C,dwb,1004,1,reached,69.6,27.259,0,0,0,0.081,25.2,0,0.3333,0.237,5.155,0.1776,0,nan,69.6
walking_actors,C,dwb,1005,1,reached,58.7,27.874,1,0,1,-0.02,13.1,0,0.4909,0.269,5.56,0.1694,0,nan,58.7
walking_actors,C,dwb,1006,1,reached,58.4,28.201,0,0,0,0.056,7.2,0,0.1307,0.201,5.078,0.1461,0,nan,58.4
walking_actors,C,dwb,1007,1,reached,55.3,27.119,0,0,0,0.037,7.9,0,0.4971,0.193,5.592,0.1539,0,nan,55.3
walking_actors,C,dwb,1008,1,reached,67.6,27.309,0,0,0,0.01,11.3,1,0.3943,0.016,5.26,0.1709,0,nan,67.6
walking_actors,C,dwb,1009,1,reached,58.2,27.78,0,0,0,0.029,8.4,0,0.1981,0.25,5.912,0.1984,0,nan,58.2
walking_actors,C,dwb,1010,1,reached,63.3,27.201,0,0,0,0.016,26.5,0,0.1707,0.164,5.732,0.1831,0,nan,63.3
walking_actors,C,dwb,1011,1,reached,57.2,27.861,0,0,0,0.024,9.5,0,0.3027,0.206,5.67,0.1703,0,nan,57.2
walking_actors,C,dwb,1012,1,reached,55.0,26.865,0,0,0,0.106,6.4,0,0.1587,0.178,5.142,0.1777,0,nan,55.0
walking_actors,C,dwb,1013,1,reached,54.9,26.853,0,0,0,0.143,7.6,0,0.4376,0.222,5.654,0.2032,0,nan,54.9
walking_actors,C,dwb,1014,1,reached,57.6,27.461,0,0,0,0.044,19.4,0,0.2512,0.158,5.269,0.1517,0,nan,57.6
walking_actors,C,dwb,1015,1,reached,56.9,27.599,0,0,0,0.031,11.0,0,0.2271,0.248,5.397,0.1701,0,nan,56.9
walking_actors,C,dwb,1016,1,reached,55.5,27.129,0,0,0,0.036,11.7,0,0.1842,0.226,5.19,0.206,0,nan,55.5
walking_actors,C,dwb,1017,1,reached,71.6,27.188,0,0,0,0.033,16.2,1,0.1195,0.216,4.994,0.1621,0,nan,71.6
walking_actors,C,dwb,1018,1,reached,56.1,27.369,0,0,0,0.055,10.4,0,0.1957,0.223,5.144,0.1682,0,nan,56.1
walking_actors,C,dwb,1019,1,reached,76.9,29.202,1,0,1,-0.201,36.1,2,0.9699,0.197,6.849,0.1728,0,nan,76.9
walking_actors,C,dwb,1020,1,reached,58.1,27.556,0,0,0,0.025,15.6,0,0.7411,0.242,5.785,0.1796,0,nan,58.1
walking_actors,C,dwb,1021,1,reached,54.6,26.835,0,0,0,0.483,1.2,0,0.2313,0.166,5.22,0.1833,0,nan,54.6
walking_actors,C,dwb,1022,1,reached,84.3,28.462,0,0,0,0.045,32.2,2,0.3853,0.123,5.64,0.1605,0,nan,84.3
walking_actors,C,dwb,1023,1,reached,68.4,27.44,0,0,0,0.007,30.0,1,0.3931,0.226,5.752,0.2118,0,nan,68.4
walking_actors,C,dwb,1024,1,reached,56.8,27.32,0,0,0,0.068,10.1,0,0.5779,0.196,5.711,0.1815,0,nan,56.8
walking_actors,C,dwb,1025,1,reached,54.8,26.791,0,0,0,0.255,3.9,0,0.1591,0.226,6.068,0.1961,0,nan,54.8
walking_actors,C,dwb,1026,1,reached,55.1,26.998,0,0,0,0.143,5.2,0,0.5178,0.045,5.502,0.1988,0,nan,55.1
walking_actors,C,dwb,1027,1,reached,67.6,28.867,0,0,0,0.03,27.6,0,0.1251,0.243,5.742,0.1874,0,nan,67.6
walking_actors,C,dwb,1028,1,reached,55.0,26.869,0,0,0,0.214,3.0,0,0.4507,0.168,5.885,0.2154,0,nan,55.0
walking_actors,C,dwb,1029,1,reached,59.4,28.356,0,0,0,0.04,10.3,0,0.196,0.132,5.22,0.1507,0,nan,59.4
walking_actors,D,dwb,1000,1,reached,55.7,27.137,0,0,0,0.738,0.0,0,0.2844,0.14,5.59,0.1657,0,nan,55.7
walking_actors,D,dwb,1001,1,reached,76.3,30.535,0,0,0,0.008,31.1,0,0.5037,0.269,6.504,0.1936,0,nan,76.3
walking_actors,D,dwb,1002,1,reached,57.9,28.057,0,0,0,0.07,17.6,0,0.3512,0.139,5.916,0.1403,0,nan,57.9
walking_actors,D,dwb,1003,1,reached,56.3,27.506,0,0,0,0.195,2.5,0,0.1495,0.18,5.866,0.2007,0,nan,56.3
walking_actors,D,dwb,1004,1,reached,68.7,29.141,0,0,0,0.025,22.2,0,0.2932,0.19,5.793,0.1734,0,nan,68.7
walking_actors,D,dwb,1005,1,reached,67.5,28.557,0,0,0,0.03,25.7,0,0.2646,0.213,5.717,0.1663,0,nan,67.5
walking_actors,D,dwb,1006,1,reached,59.7,28.37,0,0,0,0.001,10.8,0,0.1074,0.23,5.77,0.155,0,nan,59.7
walking_actors,D,dwb,1007,1,reached,55.6,27.208,0,0,0,0.227,5.0,0,0.7369,0.182,5.562,0.1388,0,nan,55.6
walking_actors,D,dwb,1008,1,reached,56.2,27.366,0,0,0,0.138,16.3,0,0.4274,0.187,5.524,0.1561,0,nan,56.2
walking_actors,D,dwb,1009,1,reached,58.3,28.229,0,0,0,0.086,6.5,0,0.0552,0.249,6.062,0.1829,0,nan,58.3
walking_actors,D,dwb,1010,1,reached,59.4,27.886,0,0,0,0.097,16.5,0,0.4633,0.103,5.475,0.1524,0,nan,59.4
walking_actors,D,dwb,1011,1,reached,58.6,28.1,0,0,0,0.055,13.9,0,0.3855,0.225,5.916,0.1734,0,nan,58.6
walking_actors,D,dwb,1012,1,reached,56.9,27.274,0,0,0,0.169,3.1,0,0.2475,0.223,5.356,0.166,0,nan,56.9
walking_actors,D,dwb,1013,1,reached,63.2,27.709,0,0,0,0.127,24.0,0,0.4776,0.067,5.672,0.1774,0,nan,63.2
walking_actors,D,dwb,1014,1,reached,56.6,27.662,1,0,1,-0.047,9.4,0,0.2025,0.213,5.271,0.1434,0,nan,56.6
walking_actors,D,dwb,1015,1,reached,65.5,28.082,0,0,0,0.036,14.9,0,0.1965,0.239,5.894,0.1763,0,nan,65.5
walking_actors,D,dwb,1016,1,reached,65.6,27.858,0,0,0,0.065,13.3,0,0.1534,0.221,5.758,0.1885,0,nan,65.6
walking_actors,D,dwb,1017,1,reached,65.8,27.777,0,0,0,0.015,23.9,0,0.1569,0.19,5.776,0.1708,0,nan,65.8
walking_actors,D,dwb,1018,1,reached,66.8,28.142,1,0,1,-0.214,19.9,0,0.0902,0.118,5.891,0.1754,0,nan,66.8
walking_actors,D,dwb,1019,1,reached,57.7,27.666,0,0,0,0.065,20.1,0,0.2959,0.142,5.877,0.1694,0,nan,57.7
walking_actors,D,dwb,1020,1,reached,61.9,28.008,0,0,0,0.029,20.3,0,0.1791,0.262,6.048,0.1807,0,nan,61.9
walking_actors,D,dwb,1021,1,reached,54.9,26.918,0,0,0,0.709,0.0,0,0.1004,0.201,5.305,0.1768,0,nan,54.9
walking_actors,D,dwb,1022,1,reached,96.6,28.884,2,0,2,-0.36,46.7,1,0.572,0.202,6.211,0.173,0,nan,96.6
walking_actors,D,dwb,1023,1,reached,66.7,29.558,0,0,0,0.056,16.0,0,0.2359,0.188,6.349,0.1966,0,nan,66.7
walking_actors,D,dwb,1024,1,reached,63.4,27.874,0,0,0,0.06,12.6,0,0.5438,0.228,6.323,0.1998,0,nan,63.4
walking_actors,D,dwb,1025,1,reached,55.5,27.105,0,0,0,0.134,5.8,0,0.1986,0.25,6.162,0.1845,0,nan,55.5
walking_actors,D,dwb,1026,1,reached,55.4,27.152,0,0,0,0.126,8.1,0,0.6112,0.134,5.506,0.1776,0,nan,55.4
walking_actors,D,dwb,1027,1,reached,59.7,28.079,0,0,0,0.039,12.8,0,0.3671,0.153,6.331,0.1855,0,nan,59.7
walking_actors,D,dwb,1028,1,reached,55.4,27.059,0,0,0,0.252,5.2,0,0.0803,0.258,5.811,0.2111,0,nan,55.4
walking_actors,D,dwb,1029,1,reached,59.8,28.546,0,0,0,0.026,10.9,0,0.6047,0.203,6.003,0.1586,0,nan,59.8
cluttered_room,A,mppi,1000,0,aborted,nan,9.289,3,3,0,nan,nan,6,0.0347,4.671,6.02,nan,0,nan,97.9
cluttered_room,A,mppi,1001,0,aborted,nan,4.519,2,2,0,nan,nan,6,0.0477,8.997,6.201,nan,0,nan,86.8
cluttered_room,A,mppi,1002,0,aborted,nan,4.15,2,2,0,nan,nan,6,0.0387,9.471,5.893,nan,0,nan,85.8
cluttered_room,A,mppi,1003,0,aborted,nan,5.829,2,2,0,nan,nan,6,0.0466,7.654,6.395,nan,0,nan,89.9
cluttered_room,A,mppi,1004,0,aborted,nan,3.885,2,2,0,nan,nan,6,0.0396,9.621,5.914,nan,0,nan,85.5
cluttered_room,A,mppi,1005,0,aborted,nan,2.291,2,2,0,nan,nan,6,0.0345,11.259,5.738,nan,0,nan,82.2
cluttered_room,A,mppi,1006,0,aborted,nan,9.148,4,4,0,nan,nan,6,0.0325,4.988,5.994,nan,0,nan,97.3
cluttered_room,A,mppi,1007,0,aborted,nan,4.069,2,2,0,nan,nan,6,0.038,9.458,5.986,nan,0,nan,85.7
cluttered_room,A,mppi,1008,0,aborted,nan,2.262,2,2,0,nan,nan,6,0.027,11.184,6.121,nan,0,nan,82.2
cluttered_room,A,mppi,1009,0,aborted,nan,6.16,4,4,0,nan,nan,6,0.0463,7.869,6.298,nan,0,nan,90.1
cluttered_room,A,mppi,1010,0,aborted,nan,3.734,2,2,0,nan,nan,6,0.0373,9.741,6.414,nan,0,nan,90.3
cluttered_room,A,mppi,1011,0,aborted,nan,4.06,2,2,0,nan,nan,6,0.2816,9.497,9.0,nan,1,nan,86.3
cluttered_room,A,mppi,1012,0,aborted,nan,2.423,2,2,0,nan,nan,6,0.0368,11.186,6.597,nan,0,nan,82.3
cluttered_room,A,mppi,1013,0,aborted,nan,2.025,2,2,0,nan,nan,6,0.0301,11.441,7.487,nan,0,nan,81.3
cluttered_room,A,mppi,1014,0,aborted,nan,4.561,3,3,0,nan,nan,6,0.0343,9.194,7.17,nan,0,nan,88.1
cluttered_room,A,mppi,1015,0,aborted,nan,7.43,4,4,0,nan,nan,6,0.0272,6.754,6.971,nan,0,nan,92.7
cluttered_room,A,mppi,1016,0,reached,nan,18.817,2,2,0,nan,nan,5,3.2229,12.532,12.982,nan,1,nan,110.0
cluttered_room,A,mppi,1017,0,aborted,nan,2.835,2,2,0,nan,nan,6,0.031,10.678,6.971,nan,0,nan,83.4
cluttered_room,A,mppi,1018,0,aborted,nan,3.73,2,2,0,nan,nan,6,0.0318,9.728,8.067,nan,0,nan,84.5
cluttered_room,A,mppi,1019,0,aborted,nan,2.911,2,2,0,nan,nan,6,0.0372,10.556,7.399,nan,0,nan,83.5
cluttered_room,A,mppi,1020,0,aborted,nan,2.722,2,2,0,nan,nan,6,0.0449,10.698,8.584,nan,0,nan,83.0
cluttered_room,A,mppi,1021,0,aborted,nan,2.541,2,2,0,nan,nan,6,0.0394,10.985,8.381,nan,0,nan,82.3
cluttered_room,A,mppi,1022,0,aborted,nan,4.822,3,3,0,nan,nan,6,0.0275,8.93,6.743,nan,0,nan,86.8
cluttered_room,A,mppi,1023,0,aborted,nan,6.603,2,2,0,nan,nan,6,0.0485,7.034,6.434,nan,0,nan,91.2
cluttered_room,A,mppi,1024,0,aborted,nan,5.928,4,4,0,nan,nan,6,0.0361,8.076,6.228,nan,0,nan,91.7
cluttered_room,A,mppi,1025,0,aborted,nan,9.913,4,4,0,nan,nan,6,0.0454,4.332,6.33,nan,0,nan,99.0
cluttered_room,A,mppi,1026,1,reached,30.6,13.134,1,1,0,nan,nan,0,0.0322,0.266,6.455,nan,0,nan,30.6
cluttered_room,A,mppi,1027,0,aborted,nan,6.083,2,2,0,nan,nan,6,0.0321,7.554,6.467,nan,0,nan,90.2
cluttered_room,A,mppi,1028,0,aborted,nan,3.5,2,2,0,nan,nan,6,0.0345,10.041,6.128,nan,0,nan,84.5
cluttered_room,A,mppi,1029,1,reached,100.4,14.399,4,4,0,nan,nan,6,0.0319,0.256,6.907,nan,0,nan,100.4
cluttered_room,B,mppi,1000,0,aborted,nan,9.27,3,3,0,nan,nan,6,0.0312,4.653,6.881,nan,0,nan,98.0
cluttered_room,B,mppi,1001,0,aborted,nan,4.285,2,2,0,nan,nan,6,0.0423,9.231,7.309,nan,0,nan,86.8
cluttered_room,B,mppi,1002,0,aborted,nan,4.097,2,2,0,nan,nan,6,0.0353,9.5,6.774,nan,0,nan,85.8
cluttered_room,B,mppi,1003,0,aborted,nan,5.864,2,2,0,nan,nan,6,0.0481,7.663,7.393,nan,0,nan,90.1
cluttered_room,B,mppi,1004,0,aborted,nan,3.917,2,2,0,nan,nan,6,0.036,9.586,6.433,nan,0,nan,85.5
cluttered_room,B,mppi,1005,0,aborted,nan,2.388,3,3,0,nan,nan,6,0.0358,11.274,6.344,nan,0,nan,82.2
cluttered_room,B,mppi,1006,0,aborted,nan,6.782,4,4,0,nan,nan,6,0.0302,7.186,6.031,nan,0,nan,91.6
cluttered_room,B,mppi,1007,0,aborted,nan,4.101,2,2,0,nan,nan,6,0.0559,9.486,5.892,nan,0,nan,85.8
cluttered_room,B,mppi,1008,0,aborted,nan,2.245,2,2,0,nan,nan,6,0.0306,11.204,5.922,nan,0,nan,82.3
cluttered_room,B,mppi,1009,0,aborted,nan,6.07,4,4,0,nan,nan,6,0.0462,7.869,6.372,nan,0,nan,90.3
cluttered_room,B,mppi,1010,0,aborted,nan,3.802,2,2,0,nan,nan,6,0.0433,9.681,5.877,nan,0,nan,92.4
cluttered_room,B,mppi,1011,0,aborted,nan,4.093,2,2,0,nan,nan,6,0.0407,9.48,6.22,nan,0,nan,85.8
cluttered_room,B,mppi,1012,0,aborted,nan,2.519,3,3,0,nan,nan,6,0.0308,11.165,6.074,nan,0,nan,82.2
cluttered_room,B,mppi,1013,0,aborted,nan,1.996,2,2,0,nan,nan,6,0.0288,11.466,6.754,nan,0,nan,81.3
cluttered_room,B,mppi,1014,0,aborted,nan,4.66,3,3,0,nan,nan,6,0.0379,9.214,6.43,nan,0,nan,88.1
cluttered_room,B,mppi,1015,0,aborted,nan,7.459,4,4,0,nan,nan,6,0.0327,6.765,6.545,nan,0,nan,95.7
cluttered_room,B,mppi,1016,0,aborted,nan,9.748,2,2,0,nan,nan,6,0.0369,4.221,6.665,nan,0,nan,98.4
cluttered_room,B,mppi,1017,0,aborted,nan,2.842,2,2,0,nan,nan,6,0.0338,10.679,6.637,nan,0,nan,83.4
cluttered_room,B,mppi,1018,0,aborted,nan,7.955,3,3,0,nan,nan,6,0.0318,5.754,6.688,nan,0,nan,93.7
cluttered_room,B,mppi,1019,0,aborted,nan,2.876,2,2,0,nan,nan,6,0.0377,10.596,6.437,nan,0,nan,83.5
cluttered_room,B,mppi,1020,0,aborted,nan,2.79,2,2,0,nan,nan,6,0.0426,10.724,6.77,nan,0,nan,83.1
cluttered_room,B,mppi,1021,0,aborted,nan,2.561,2,2,0,nan,nan,6,0.0348,10.967,7.063,nan,0,nan,82.3
cluttered_room,B,mppi,1022,0,aborted,nan,4.904,3,3,0,nan,nan,6,0.0339,8.934,6.426,nan,0,nan,86.9
cluttered_room,B,mppi,1023,0,aborted,nan,7.794,3,3,0,nan,nan,6,0.0408,5.837,6.342,nan,0,nan,96.0
cluttered_room,B,mppi,1024,0,aborted,nan,5.902,4,4,0,nan,nan,6,0.0362,8.069,6.027,nan,0,nan,91.8
cluttered_room,B,mppi,1025,0,aborted,nan,4.801,4,4,0,nan,nan,6,0.0433,9.22,6.536,nan,0,nan,86.9
cluttered_room,B,mppi,1026,1,reached,30.3,13.308,0,0,0,nan,nan,0,0.0267,0.275,7.281,nan,0,nan,30.3
cluttered_room,B,mppi,1027,1,reached,102.5,13.781,3,3,0,nan,nan,6,0.031,0.275,6.612,nan,0,nan,102.5
cluttered_room,B,mppi,1028,0,aborted,nan,3.462,2,2,0,nan,nan,6,0.0406,10.039,6.586,nan,0,nan,84.5
cluttered_room,B,mppi,1029,1,reached,99.1,13.951,3,3,0,nan,nan,6,0.0285,0.279,6.765,nan,0,nan,99.1
cluttered_room,C,mppi,1000,1,reached,37.4,15.712,0,0,0,nan,nan,0,0.0343,0.24,8.04,0.3209,0,nan,37.4
cluttered_room,C,mppi,1001,1,reached,30.6,13.135,0,0,0,nan,nan,0,0.0531,0.297,8.046,0.3449,0,nan,30.6
cluttered_room,C,mppi,1002,1,reached,34.7,15.184,0,0,0,nan,nan,0,0.0316,0.245,7.898,0.3017,0,nan,34.7
cluttered_room,C,mppi,1003,1,reached,33.7,14.771,0,0,0,nan,nan,0,0.0336,0.266,7.946,0.2974,0,nan,33.7
cluttered_room,C,mppi,1004,1,reached,33.5,14.753,0,0,0,nan,nan,0,0.0441,0.25,7.816,0.3118,0,nan,33.5
cluttered_room,C,mppi,1005,1,reached,39.3,15.233,0,0,0,nan,nan,0,0.0443,0.232,8.056,0.3139,0,nan,39.3
cluttered_room,C,mppi,1006,1,reached,34.3,14.991,0,0,0,nan,nan,0,0.0322,0.252,8.62,0.3451,0,nan,34.3
cluttered_room,C,mppi,1007,1,reached,36.5,15.378,0,0,0,nan,nan,0,0.0316,0.23,8.283,0.3206,0,nan,36.5
cluttered_room,C,mppi,1008,1,reached,30.5,13.336,0,0,0,nan,nan,0,0.0217,0.275,8.735,0.3731,0,nan,30.5
cluttered_room,C,mppi,1009,1,reached,33.4,14.671,0,0,0,nan,nan,0,0.0479,0.278,8.217,0.2857,0,nan,33.4
cluttered_room,C,mppi,1010,1,reached,35.7,15.484,0,0,0,nan,nan,0,0.0373,0.266,8.61,0.3807,0,nan,35.7
cluttered_room,C,mppi,1011,1,reached,32.4,14.308,0,0,0,nan,nan,0,0.0305,0.269,7.713,0.2907,0,nan,32.4
cluttered_room,C,mppi,1012,1,reached,34.3,14.846,0,0,0,nan,nan,0,0.0383,0.247,8.277,0.3144,0,nan,34.3
cluttered_room,C,mppi,1013,1,reached,32.2,13.859,0,0,0,nan,nan,0,0.0322,0.274,8.314,0.3518,0,nan,32.2
cluttered_room,C,mppi,1014,1,reached,35.8,15.121,0,0,0,nan,nan,0,0.0299,0.263,8.463,0.3295,0,nan,35.8
cluttered_room,C,mppi,1015,1,reached,35.1,15.301,0,0,0,nan,nan,0,0.0337,0.242,8.476,0.3302,0,nan,35.1
cluttered_room,C,mppi,1016,1,reached,31.0,13.461,0,0,0,nan,nan,0,0.0388,0.287,8.179,0.3277,0,nan,31.0
cluttered_room,C,mppi,1017,1,reached,33.6,14.727,0,0,0,nan,nan,0,0.0341,0.266,9.164,0.3635,0,nan,33.6
cluttered_room,C,mppi,1018,1,reached,32.8,14.335,0,0,0,nan,nan,0,0.0343,0.264,7.736,0.3106,0,nan,32.8
cluttered_room,C,mppi,1019,1,reached,35.7,15.153,0,0,0,nan,nan,0,0.0343,0.257,7.723,0.2854,0,nan,35.7
cluttered_room,C,mppi,1020,1,reached,33.4,14.775,0,0,0,nan,nan,0,0.048,0.237,8.21,0.2955,0,nan,33.4
cluttered_room,C,mppi,1021,1,reached,33.9,14.804,0,0,0,nan,nan,0,0.0329,0.224,8.472,0.318,0,nan,33.9
cluttered_room,C,mppi,1022,1,reached,33.4,14.442,0,0,0,nan,nan,0,0.0403,0.22,7.758,0.2955,0,nan,33.4
cluttered_room,C,mppi,1023,1,reached,37.2,15.815,0,0,0,nan,nan,0,0.0514,0.269,7.922,0.3162,0,nan,37.2
cluttered_room,C,mppi,1024,1,reached,33.0,14.409,0,0,0,nan,nan,0,0.0328,0.251,7.986,0.2881,0,nan,33.0
cluttered_room,C,mppi,1025,1,reached,37.1,15.968,0,0,0,nan,nan,0,0.0478,0.245,7.433,0.2849,0,nan,37.1
cluttered_room,C,mppi,1026,1,reached,32.0,13.389,0,0,0,nan,nan,0,0.0267,0.284,7.422,0.3318,0,nan,32.0
cluttered_room,C,mppi,1027,1,reached,40.9,15.959,0,0,0,nan,nan,0,0.0376,0.29,8.127,0.3258,0,nan,40.9
cluttered_room,C,mppi,1028,1,reached,35.6,14.453,0,0,0,nan,nan,0,0.0347,0.256,7.611,0.3146,0,nan,35.6
cluttered_room,C,mppi,1029,1,reached,32.3,14.147,0,0,0,nan,nan,0,0.0356,0.269,7.983,0.3414,0,nan,32.3
cluttered_room,D,mppi,1000,1,reached,37.4,15.712,0,0,0,nan,nan,0,0.0343,0.24,7.798,0.2937,0,nan,37.4
cluttered_room,D,mppi,1001,1,reached,30.6,13.135,0,0,0,nan,nan,0,0.0531,0.297,7.818,0.3416,0,nan,30.6
cluttered_room,D,mppi,1002,1,reached,34.7,15.184,0,0,0,nan,nan,0,0.0316,0.245,8.027,0.3159,0,nan,34.7
cluttered_room,D,mppi,1003,1,reached,33.7,14.771,0,0,0,nan,nan,0,0.0336,0.266,8.002,0.3027,0,nan,33.7
cluttered_room,D,mppi,1004,1,reached,33.5,14.753,0,0,0,nan,nan,0,0.0441,0.25,7.351,0.286,0,nan,33.5
cluttered_room,D,mppi,1005,1,reached,39.3,15.233,0,0,0,nan,nan,0,0.0443,0.232,7.566,0.2975,0,nan,39.3
cluttered_room,D,mppi,1006,1,reached,34.3,14.991,0,0,0,nan,nan,0,0.0322,0.252,7.747,0.2805,0,nan,34.3
cluttered_room,D,mppi,1007,1,reached,36.5,15.378,0,0,0,nan,nan,0,0.0316,0.23,8.012,0.3076,0,nan,36.5
cluttered_room,D,mppi,1008,1,reached,30.5,13.336,0,0,0,nan,nan,0,0.0217,0.275,7.306,0.3142,0,nan,30.5
cluttered_room,D,mppi,1009,1,reached,33.4,14.671,0,0,0,nan,nan,0,0.0479,0.278,7.316,0.2519,0,nan,33.4
cluttered_room,D,mppi,1010,1,reached,35.7,15.484,0,0,0,nan,nan,0,0.0373,0.266,7.849,0.3295,0,nan,35.7
cluttered_room,D,mppi,1011,1,reached,32.4,14.308,0,0,0,nan,nan,0,0.0305,0.269,7.688,0.301,0,nan,32.4
cluttered_room,D,mppi,1012,1,reached,34.3,14.846,0,0,0,nan,nan,0,0.0383,0.247,7.441,0.2847,0,nan,34.3
cluttered_room,D,mppi,1013,1,reached,32.2,13.859,0,0,0,nan,nan,0,0.0322,0.274,8.073,0.3668,0,nan,32.2
cluttered_room,D,mppi,1014,1,reached,35.8,15.121,0,0,0,nan,nan,0,0.0299,0.263,8.473,0.3183,0,nan,35.8
cluttered_room,D,mppi,1015,1,reached,35.1,15.301,0,0,0,nan,nan,0,0.0337,0.242,7.61,0.2872,0,nan,35.1
cluttered_room,D,mppi,1016,1,reached,31.0,13.461,0,0,0,nan,nan,0,0.0388,0.287,7.791,0.3148,0,nan,31.0
cluttered_room,D,mppi,1017,1,reached,33.6,14.727,0,0,0,nan,nan,0,0.0341,0.266,8.807,0.3529,0,nan,33.6
cluttered_room,D,mppi,1018,1,reached,32.8,14.335,0,0,0,nan,nan,0,0.0343,0.264,8.806,0.4568,0,nan,32.8
cluttered_room,D,mppi,1019,1,reached,35.7,15.153,0,0,0,nan,nan,0,0.0343,0.257,8.359,0.3039,0,nan,35.7
cluttered_room,D,mppi,1020,1,reached,33.4,14.775,0,0,0,nan,nan,0,0.048,0.237,8.236,0.3087,0,nan,33.4
cluttered_room,D,mppi,1021,1,reached,33.9,14.804,0,0,0,nan,nan,0,0.0329,0.224,8.02,0.2975,0,nan,33.9
cluttered_room,D,mppi,1022,1,reached,33.4,14.442,0,0,0,nan,nan,0,0.0403,0.22,7.996,0.2834,0,nan,33.4
cluttered_room,D,mppi,1023,1,reached,37.2,15.815,0,0,0,nan,nan,0,0.0514,0.269,8.01,0.3277,0,nan,37.2
cluttered_room,D,mppi,1024,1,reached,33.0,14.409,0,0,0,nan,nan,0,0.0328,0.251,8.134,0.3051,0,nan,33.0
cluttered_room,D,mppi,1025,1,reached,37.1,15.968,0,0,0,nan,nan,0,0.0478,0.245,7.687,0.3038,0,nan,37.1
cluttered_room,D,mppi,1026,1,reached,32.0,13.389,0,0,0,nan,nan,0,0.0267,0.284,7.747,0.3633,0,nan,32.0
cluttered_room,D,mppi,1027,1,reached,40.9,15.959,0,0,0,nan,nan,0,0.0376,0.29,8.073,0.3165,0,nan,40.9
cluttered_room,D,mppi,1028,1,reached,35.6,14.453,0,0,0,nan,nan,0,0.0347,0.256,7.766,0.3293,0,nan,35.6
cluttered_room,D,mppi,1029,1,reached,32.3,14.147,0,0,0,nan,nan,0,0.0356,0.269,8.274,0.3496,0,nan,32.3
empty_corridor,A,mppi,1000,1,reached,60.1,27.073,0,0,0,nan,nan,0,0.2669,0.139,9.707,nan,0,nan,60.1
empty_corridor,A,mppi,1001,1,reached,60.2,26.979,0,0,0,nan,nan,0,0.4353,0.229,8.676,nan,0,nan,60.2
empty_corridor,A,mppi,1002,1,reached,60.4,26.991,0,0,0,nan,nan,0,0.1555,0.17,7.459,nan,0,nan,60.4
empty_corridor,A,mppi,1003,1,reached,60.0,27.003,0,0,0,nan,nan,0,0.1588,0.154,6.857,nan,0,nan,60.0
empty_corridor,A,mppi,1004,1,reached,59.6,26.921,0,0,0,nan,nan,0,0.357,0.252,6.613,nan,0,nan,59.6
empty_corridor,A,mppi,1005,1,reached,60.3,26.988,0,0,0,nan,nan,0,0.0643,0.217,6.316,nan,0,nan,60.3
empty_corridor,A,mppi,1006,1,reached,60.4,27.044,0,0,0,nan,nan,0,0.442,0.112,6.638,nan,0,nan,60.4
empty_corridor,A,mppi,1007,1,reached,59.8,26.982,0,0,0,nan,nan,0,0.2393,0.175,6.702,nan,0,nan,59.8
empty_corridor,A,mppi,1008,1,reached,60.6,27.056,0,0,0,nan,nan,0,0.2363,0.139,6.485,nan,0,nan,60.6
empty_corridor,A,mppi,1009,1,reached,60.2,27.062,0,0,0,nan,nan,0,0.3566,0.058,6.166,nan,0,nan,60.2
empty_corridor,A,mppi,1010,1,reached,60.2,27.064,0,0,0,nan,nan,0,0.6255,0.13,6.655,nan,0,nan,60.2
empty_corridor,A,mppi,1011,0,aborted,nan,23.705,0,0,0,nan,nan,6,1.1637,3.761,9.008,nan,0,nan,74.1
empty_corridor,A,mppi,1012,1,reached,60.0,26.845,0,0,0,nan,nan,0,0.4867,0.286,7.091,nan,0,nan,60.0
empty_corridor,A,mppi,1013,1,reached,60.4,27.033,0,0,0,nan,nan,0,0.2235,0.118,7.152,nan,0,nan,60.4
empty_corridor,A,mppi,1014,1,reached,60.1,26.998,0,0,0,nan,nan,0,0.382,0.147,6.708,nan,0,nan,60.1
empty_corridor,A,mppi,1015,1,reached,60.2,27.107,0,0,0,nan,nan,0,0.5962,0.097,6.795,nan,0,nan,60.2
empty_corridor,A,mppi,1016,1,reached,60.6,27.166,0,0,0,nan,nan,0,0.3287,0.123,7.181,nan,0,nan,60.6
empty_corridor,A,mppi,1017,1,reached,60.2,27.016,0,0,0,nan,nan,0,0.4856,0.106,6.985,nan,0,nan,60.2
empty_corridor,A,mppi,1018,1,reached,60.1,27.006,0,0,0,nan,nan,0,0.4045,0.138,6.849,nan,0,nan,60.1
empty_corridor,A,mppi,1019,1,reached,60.3,27.121,0,0,0,nan,nan,0,0.357,0.06,7.116,nan,0,nan,60.3
empty_corridor,A,mppi,1020,1,reached,60.2,26.851,0,0,0,nan,nan,0,0.184,0.289,7.292,nan,0,nan,60.2
empty_corridor,A,mppi,1021,1,reached,59.8,27.047,0,0,0,nan,nan,0,0.1432,0.1,7.266,nan,0,nan,59.8
empty_corridor,A,mppi,1022,1,reached,60.5,27.023,0,0,0,nan,nan,0,0.3432,0.203,7.007,nan,0,nan,60.5
empty_corridor,A,mppi,1023,1,reached,60.6,27.131,0,0,0,nan,nan,0,0.243,0.097,6.807,nan,0,nan,60.6
empty_corridor,A,mppi,1024,1,reached,60.2,27.093,0,0,0,nan,nan,0,0.3637,0.141,6.739,nan,0,nan,60.2
empty_corridor,A,mppi,1025,1,reached,59.6,26.875,0,0,0,nan,nan,0,0.2736,0.251,6.868,nan,0,nan,59.6
empty_corridor,A,mppi,1026,1,reached,60.4,27.015,0,0,0,nan,nan,0,0.219,0.188,7.29,nan,0,nan,60.4
empty_corridor,A,mppi,1027,1,reached,60.1,26.994,0,0,0,nan,nan,0,0.3428,0.109,6.651,nan,0,nan,60.1
empty_corridor,A,mppi,1028,1,reached,60.2,26.999,0,0,0,nan,nan,0,0.3193,0.128,7.272,nan,0,nan,60.2
empty_corridor,A,mppi,1029,1,reached,59.8,27.041,0,0,0,nan,nan,0,0.2605,0.163,6.601,nan,0,nan,59.8
empty_corridor,B,mppi,1000,1,reached,60.4,27.001,0,0,0,nan,nan,0,0.3158,0.214,6.762,nan,0,nan,60.4
empty_corridor,B,mppi,1001,1,reached,60.0,27.015,0,0,0,nan,nan,0,0.1081,0.242,6.893,nan,0,nan,60.0
empty_corridor,B,mppi,1002,1,reached,60.1,27.035,0,0,0,nan,nan,0,0.349,0.106,6.469,nan,0,nan,60.1
empty_corridor,B,mppi,1003,1,reached,60.4,27.052,0,0,0,nan,nan,0,0.2349,0.108,6.654,nan,0,nan,60.4
empty_corridor,B,mppi,1004,1,reached,60.3,26.918,0,0,0,nan,nan,0,0.1292,0.247,6.617,nan,0,nan,60.3
empty_corridor,B,mppi,1005,1,reached,60.2,26.936,0,0,0,nan,nan,0,0.1265,0.282,6.895,nan,0,nan,60.2
empty_corridor,B,mppi,1006,1,reached,60.4,26.955,0,0,0,nan,nan,0,0.2007,0.177,7.074,nan,0,nan,60.4
empty_corridor,B,mppi,1007,1,reached,59.9,26.976,0,0,0,nan,nan,0,0.6671,0.173,6.995,nan,0,nan,59.9
empty_corridor,B,mppi,1008,1,reached,67.3,27.298,0,0,0,nan,nan,2,0.7455,0.126,8.699,nan,0,nan,67.3
empty_corridor,B,mppi,1009,1,reached,59.6,26.951,0,0,0,nan,nan,0,0.245,0.201,7.294,nan,0,nan,59.6
empty_corridor,B,mppi,1010,1,reached,60.6,27.122,0,0,0,nan,nan,0,0.3454,0.023,7.066,nan,0,nan,60.6
empty_corridor,B,mppi,1011,1,reached,67.4,27.57,0,0,0,nan,nan,2,0.7754,0.089,8.057,nan,0,nan,67.4
empty_corridor,B,mppi,1012,0,aborted,nan,23.172,0,0,0,nan,nan,6,1.3344,4.267,12.638,nan,0,nan,73.1
empty_corridor,B,mppi,1013,1,reached,60.3,26.936,0,0,0,nan,nan,0,0.1985,0.185,6.58,nan,0,nan,60.3
empty_corridor,B,mppi,1014,1,reached,60.3,26.954,0,0,0,nan,nan,0,0.3416,0.24,7.173,nan,0,nan,60.3
empty_corridor,B,mppi,1015,1,reached,60.4,27.056,0,0,0,nan,nan,0,0.2502,0.137,6.752,nan,0,nan,60.4
empty_corridor,B,mppi,1016,1,reached,60.4,27.065,0,0,0,nan,nan,0,0.1297,0.137,7.076,nan,0,nan,60.4
empty_corridor,B,mppi,1017,1,reached,59.9,26.903,0,0,0,nan,nan,0,0.2386,0.203,6.296,nan,0,nan,59.9
empty_corridor,B,mppi,1018,1,reached,84.2,27.92,0,0,0,nan,nan,6,1.1778,0.237,9.645,nan,0,nan,84.2
empty_corridor,B,mppi,1019,1,reached,60.6,27.081,0,0,0,nan,nan,0,0.1865,0.049,6.646,nan,0,nan,60.6
empty_corridor,B,mppi,1020,1,reached,59.5,26.876,0,0,0,nan,nan,0,0.1109,0.274,6.417,nan,0,nan,59.5
empty_corridor,B,mppi,1021,1,reached,60.5,27.08,0,0,0,nan,nan,0,0.2658,0.104,6.311,nan,0,nan,60.5
empty_corridor,B,mppi,1022,1,reached,60.7,27.216,0,0,0,nan,nan,0,0.5096,0.13,6.498,nan,0,nan,60.7
empty_corridor,B,mppi,1023,1,reached,60.3,27.107,0,0,0,nan,nan,0,0.3353,0.159,6.694,nan,0,nan,60.3
empty_corridor,B,mppi,1024,1,reached,66.7,27.237,0,0,0,nan,nan,2,0.7052,0.177,7.62,nan,0,nan,66.7
empty_corridor,B,mppi,1025,1,reached,67.6,27.334,0,0,0,nan,nan,2,0.6335,0.239,8.784,nan,0,nan,67.6
empty_corridor,B,mppi,1026,1,reached,60.4,27.046,0,0,0,nan,nan,0,0.3315,0.185,6.721,nan,0,nan,60.4
empty_corridor,B,mppi,1027,1,reached,84.8,27.876,0,0,0,nan,nan,6,0.9303,0.075,6.783,nan,0,nan,84.8
empty_corridor,B,mppi,1028,1,reached,60.4,27.029,0,0,0,nan,nan,0,0.168,0.175,6.671,nan,0,nan,60.4
empty_corridor,B,mppi,1029,1,reached,67.4,27.188,0,0,0,nan,nan,2,0.5964,0.098,7.196,nan,0,nan,67.4
empty_corridor,C,mppi,1000,1,reached,60.2,27.153,0,0,0,nan,nan,0,0.3301,0.109,6.726,0.0651,0,nan,60.2
empty_corridor,C,mppi,1001,1,reached,60.1,26.923,0,0,0,nan,nan,0,0.1462,0.222,7.139,0.0668,0,nan,60.1
empty_corridor,C,mppi,1002,1,reached,59.8,27.034,0,0,0,nan,nan,0,0.4865,0.091,6.848,0.0709,0,nan,59.8
empty_corridor,C,mppi,1003,1,reached,60.4,26.976,0,0,0,nan,nan,0,0.1913,0.144,6.985,0.0672,0,nan,60.4
empty_corridor,C,mppi,1004,1,reached,60.0,27.009,0,0,0,nan,nan,0,0.3522,0.231,7.582,0.0759,0,nan,60.0
empty_corridor,C,mppi,1005,1,reached,69.0,28.076,0,0,0,nan,nan,0,0.1227,0.229,7.116,0.0732,0,nan,69.0
empty_corridor,C,mppi,1006,1,reached,61.2,27.342,0,0,0,nan,nan,0,0.3516,0.163,7.173,0.0696,0,nan,61.2
empty_corridor,C,mppi,1007,1,reached,59.8,27.056,0,0,0,nan,nan,0,0.4728,0.129,6.696,0.0639,0,nan,59.8
empty_corridor,C,mppi,1008,1,reached,60.1,26.996,0,0,0,nan,nan,0,0.3206,0.174,6.782,0.066,0,nan,60.1
empty_corridor,C,mppi,1009,1,reached,59.9,26.995,0,0,0,nan,nan,0,0.1563,0.127,6.608,0.0614,0,nan,59.9
empty_corridor,C,mppi,1010,1,reached,67.0,27.229,0,0,0,nan,nan,2,0.6347,0.209,9.308,0.066,0,nan,67.0
empty_corridor,C,mppi,1011,1,reached,60.3,27.02,0,0,0,nan,nan,0,0.3383,0.147,7.037,0.0667,0,nan,60.3
empty_corridor,C,mppi,1012,1,reached,60.7,27.028,0,0,0,nan,nan,0,0.08,0.146,7.725,0.072,0,nan,60.7
empty_corridor,C,mppi,1013,1,reached,60.1,26.995,0,0,0,nan,nan,0,0.2402,0.142,6.954,0.0657,0,nan,60.1
empty_corridor,C,mppi,1014,1,reached,67.7,27.468,0,0,0,nan,nan,2,0.9339,0.033,7.824,0.066,0,nan,67.7
empty_corridor,C,mppi,1015,1,reached,60.5,27.106,0,0,0,nan,nan,0,0.3104,0.052,7.051,0.0658,0,nan,60.5
empty_corridor,C,mppi,1016,1,reached,60.6,26.817,0,0,0,nan,nan,0,0.4211,0.375,7.273,0.0654,0,nan,60.6
empty_corridor,C,mppi,1017,1,reached,59.9,27.086,0,0,0,nan,nan,0,0.3013,0.047,6.686,0.0669,0,nan,59.9
empty_corridor,C,mppi,1018,1,reached,67.0,27.303,0,0,0,nan,nan,2,0.6819,0.274,7.921,0.0693,0,nan,67.0
empty_corridor,C,mppi,1019,1,reached,60.5,27.148,0,0,0,nan,nan,0,0.5586,0.079,6.885,0.0638,0,nan,60.5
empty_corridor,C,mppi,1020,1,reached,61.1,27.311,0,0,0,nan,nan,0,0.1245,0.191,6.78,0.0639,0,nan,61.1
empty_corridor,C,mppi,1021,1,reached,59.8,27.075,0,0,0,nan,nan,0,0.2177,0.097,7.143,0.0646,0,nan,59.8
empty_corridor,C,mppi,1022,1,reached,60.6,27.005,0,0,0,nan,nan,0,0.2463,0.186,7.549,0.0718,0,nan,60.6
empty_corridor,C,mppi,1023,1,reached,59.8,27.085,0,0,0,nan,nan,0,0.3417,0.151,7.626,0.0727,0,nan,59.8
empty_corridor,C,mppi,1024,1,reached,60.2,27.082,0,0,0,nan,nan,0,0.311,0.149,7.546,0.0697,0,nan,60.2
empty_corridor,C,mppi,1025,1,reached,60.1,26.937,0,0,0,nan,nan,0,0.3411,0.207,6.54,0.0657,0,nan,60.1
empty_corridor,C,mppi,1026,1,reached,60.1,26.986,0,0,0,nan,nan,0,0.2341,0.199,6.811,0.0643,0,nan,60.1
empty_corridor,C,mppi,1027,1,reached,60.5,27.026,0,0,0,nan,nan,0,0.3349,0.141,7.135,0.0669,0,nan,60.5
empty_corridor,C,mppi,1028,1,reached,60.4,27.184,0,0,0,nan,nan,0,0.1994,0.1,6.947,0.0662,0,nan,60.4
empty_corridor,C,mppi,1029,1,reached,59.9,26.977,0,0,0,nan,nan,0,0.434,0.201,7.146,0.067,0,nan,59.9
empty_corridor,D,mppi,1000,1,reached,60.2,27.153,0,0,0,nan,nan,0,0.3301,0.109,7.416,0.0747,0,nan,60.2
empty_corridor,D,mppi,1001,1,reached,60.1,26.923,0,0,0,nan,nan,0,0.1462,0.222,7.544,0.0711,0,nan,60.1
empty_corridor,D,mppi,1002,1,reached,59.8,27.034,0,0,0,nan,nan,0,0.4865,0.091,7.383,0.0694,0,nan,59.8
empty_corridor,D,mppi,1003,1,reached,60.4,26.976,0,0,0,nan,nan,0,0.1913,0.144,7.277,0.0719,0,nan,60.4
empty_corridor,D,mppi,1004,1,reached,60.0,27.009,0,0,0,nan,nan,0,0.3522,0.231,6.763,0.0655,0,nan,60.0
empty_corridor,D,mppi,1005,1,reached,69.0,28.076,0,0,0,nan,nan,0,0.1227,0.229,7.024,0.0676,0,nan,69.0
empty_corridor,D,mppi,1006,1,reached,61.2,27.342,0,0,0,nan,nan,0,0.3516,0.163,7.005,0.0651,0,nan,61.2
empty_corridor,D,mppi,1007,1,reached,59.8,27.056,0,0,0,nan,nan,0,0.4728,0.129,6.821,0.0653,0,nan,59.8
empty_corridor,D,mppi,1008,1,reached,60.1,26.996,0,0,0,nan,nan,0,0.3206,0.174,6.72,0.0639,0,nan,60.1
empty_corridor,D,mppi,1009,1,reached,59.9,26.995,0,0,0,nan,nan,0,0.1563,0.127,6.357,0.0584,0,nan,59.9
empty_corridor,D,mppi,1010,1,reached,67.0,27.229,0,0,0,nan,nan,2,0.6347,0.209,8.258,0.0606,0,nan,67.0
empty_corridor,D,mppi,1011,1,reached,60.3,27.02,0,0,0,nan,nan,0,0.3383,0.147,6.351,0.0599,0,nan,60.3
empty_corridor,D,mppi,1012,1,reached,60.7,27.028,0,0,0,nan,nan,0,0.08,0.146,6.205,0.0585,0,nan,60.7
empty_corridor,D,mppi,1013,1,reached,60.1,26.995,0,0,0,nan,nan,0,0.2402,0.142,6.311,0.0575,0,nan,60.1
empty_corridor,D,mppi,1014,1,reached,67.7,27.468,0,0,0,nan,nan,2,0.9339,0.033,7.323,0.0644,0,nan,67.7
empty_corridor,D,mppi,1015,1,reached,60.5,27.106,0,0,0,nan,nan,0,0.3104,0.052,6.513,0.0565,0,nan,60.5
empty_corridor,D,mppi,1016,1,reached,60.6,26.817,0,0,0,nan,nan,0,0.4211,0.375,6.474,0.058,0,nan,60.6
empty_corridor,D,mppi,1017,1,reached,59.9,27.086,0,0,0,nan,nan,0,0.3013,0.047,6.144,0.0576,0,nan,59.9
empty_corridor,D,mppi,1018,1,reached,67.0,27.303,0,0,0,nan,nan,2,0.6819,0.274,7.428,0.0615,0,nan,67.0
empty_corridor,D,mppi,1019,1,reached,60.5,27.148,0,0,0,nan,nan,0,0.5586,0.079,6.815,0.062,0,nan,60.5
empty_corridor,D,mppi,1020,1,reached,61.1,27.311,0,0,0,nan,nan,0,0.1245,0.191,6.556,0.0608,0,nan,61.1
empty_corridor,D,mppi,1021,1,reached,59.8,27.075,0,0,0,nan,nan,0,0.2177,0.097,7.229,0.063,0,nan,59.8
empty_corridor,D,mppi,1022,1,reached,60.6,27.005,0,0,0,nan,nan,0,0.2463,0.186,6.473,0.062,0,nan,60.6
empty_corridor,D,mppi,1023,1,reached,59.8,27.085,0,0,0,nan,nan,0,0.3417,0.151,6.819,0.0676,0,nan,59.8
empty_corridor,D,mppi,1024,1,reached,60.2,27.082,0,0,0,nan,nan,0,0.311,0.149,6.945,0.067,0,nan,60.2
empty_corridor,D,mppi,1025,1,reached,60.1,26.937,0,0,0,nan,nan,0,0.3411,0.207,6.73,0.0648,0,nan,60.1
empty_corridor,D,mppi,1026,1,reached,60.1,26.986,0,0,0,nan,nan,0,0.2341,0.199,7.488,0.0746,0,nan,60.1
empty_corridor,D,mppi,1027,1,reached,60.5,27.026,0,0,0,nan,nan,0,0.3349,0.141,6.985,0.0658,0,nan,60.5
empty_corridor,D,mppi,1028,1,reached,60.4,27.184,0,0,0,nan,nan,0,0.1994,0.1,6.851,0.0648,0,nan,60.4
empty_corridor,D,mppi,1029,1,reached,59.9,26.977,0,0,0,nan,nan,0,0.434,0.201,6.961,0.0649,0,nan,59.9
glass_wall,A,mppi,1000,0,aborted,nan,16.087,4,4,0,nan,nan,6,0.0363,8.938,7.992,nan,0,nan,117.5
glass_wall,A,mppi,1001,0,aborted,nan,12.848,2,2,0,nan,nan,6,0.0445,8.651,7.487,nan,0,nan,109.8
glass_wall,A,mppi,1002,0,aborted,nan,14.969,2,2,0,nan,nan,6,0.0347,8.387,7.659,nan,0,nan,117.3
glass_wall,A,mppi,1003,0,aborted,nan,12.385,2,2,0,nan,nan,6,0.0436,8.72,7.546,nan,0,nan,110.3
glass_wall,A,mppi,1004,0,aborted,nan,11.554,4,4,0,nan,nan,6,0.0393,9.005,7.658,nan,0,nan,103.9
glass_wall,A,mppi,1005,0,aborted,nan,12.583,3,3,0,nan,nan,6,0.0538,8.551,7.998,nan,0,nan,107.9
glass_wall,A,mppi,1006,0,aborted,nan,13.058,3,3,0,nan,nan,6,0.0401,8.736,8.013,nan,0,nan,110.1
glass_wall,A,mppi,1007,0,aborted,nan,13.671,4,4,0,nan,nan,6,0.0535,8.749,8.208,nan,0,nan,110.2
glass_wall,A,mppi,1008,0,aborted,nan,11.62,3,3,0,nan,nan,6,0.0387,8.76,7.621,nan,0,nan,104.8
glass_wall,A,mppi,1009,0,aborted,nan,11.932,2,2,0,nan,nan,6,0.0491,8.898,7.469,nan,0,nan,106.4
glass_wall,A,mppi,1010,0,aborted,nan,14.888,3,3,0,nan,nan,6,0.038,8.763,7.499,nan,0,nan,111.8
glass_wall,A,mppi,1011,0,aborted,nan,12.251,2,2,0,nan,nan,6,0.0474,8.704,7.619,nan,0,nan,107.3
glass_wall,A,mppi,1012,0,aborted,nan,13.57,3,3,0,nan,nan,6,0.0438,8.802,7.218,nan,0,nan,112.6
glass_wall,A,mppi,1013,0,aborted,nan,13.096,2,2,0,nan,nan,6,0.0426,8.942,7.382,nan,0,nan,109.0
glass_wall,A,mppi,1014,0,aborted,nan,10.761,2,2,0,nan,nan,6,0.0371,8.576,6.782,nan,0,nan,103.8
glass_wall,A,mppi,1015,0,aborted,nan,12.515,4,4,0,nan,nan,6,0.0512,8.711,7.509,nan,0,nan,108.8
glass_wall,A,mppi,1016,0,timeout,nan,16.604,4,4,0,nan,nan,6,0.0653,8.788,7.121,nan,0,nan,120.1
glass_wall,A,mppi,1017,0,aborted,nan,12.118,2,2,0,nan,nan,6,0.0415,8.738,6.75,nan,0,nan,108.7
glass_wall,A,mppi,1018,0,aborted,nan,12.621,2,2,0,nan,nan,6,0.0576,8.793,7.065,nan,0,nan,110.9
glass_wall,A,mppi,1019,0,aborted,nan,11.791,4,4,0,nan,nan,6,0.0526,8.65,6.935,nan,0,nan,112.8
glass_wall,A,mppi,1020,0,aborted,nan,11.517,4,4,0,nan,nan,6,0.0383,8.942,7.547,nan,0,nan,110.4
glass_wall,A,mppi,1021,0,aborted,nan,13.201,3,3,0,nan,nan,6,0.0353,8.729,7.378,nan,0,nan,108.8
glass_wall,A,mppi,1022,0,aborted,nan,14.972,4,4,0,nan,nan,6,0.0393,8.396,7.327,nan,0,nan,113.8
glass_wall,A,mppi,1023,0,aborted,nan,14.702,3,3,0,nan,nan,6,0.048,8.45,7.483,nan,0,nan,115.7
glass_wall,A,mppi,1024,0,aborted,nan,13.301,3,3,0,nan,nan,6,0.0408,8.67,8.099,nan,0,nan,115.9
glass_wall,A,mppi,1025,1,reached,65.8,19.42,1,1,0,nan,nan,2,0.0788,0.266,8.396,nan,0,nan,65.8
glass_wall,A,mppi,1026,0,aborted,nan,14.96,3,3,0,nan,nan,6,0.0413,8.793,8.256,nan,0,nan,118.7
glass_wall,A,mppi,1027,1,reached,44.8,19.694,0,0,0,nan,nan,0,0.0355,0.267,8.707,nan,0,nan,44.8
glass_wall,A,mppi,1028,0,aborted,nan,13.806,4,4,0,nan,nan,6,0.0397,9.079,7.68,nan,0,nan,117.7
glass_wall,A,mppi,1029,0,aborted,nan,11.826,2,2,0,nan,nan,6,0.0539,8.07,7.99,nan,0,nan,105.5
glass_wall,B,mppi,1000,0,aborted,nan,14.168,4,4,0,nan,nan,6,0.0433,8.838,7.283,nan,0,nan,112.2
glass_wall,B,mppi,1001,0,timeout,nan,14.983,4,4,0,nan,nan,6,0.04,8.704,7.286,nan,0,nan,120.1
glass_wall,B,mppi,1002,0,aborted,nan,12.277,2,2,0,nan,nan,6,0.0303,8.42,7.281,nan,0,nan,106.8
glass_wall,B,mppi,1003,0,aborted,nan,13.597,2,2,0,nan,nan,6,0.035,8.73,7.059,nan,0,nan,112.4
glass_wall,B,mppi,1004,0,aborted,nan,10.692,3,3,0,nan,nan,6,0.0505,8.961,6.936,nan,0,nan,101.9
glass_wall,B,mppi,1005,0,aborted,nan,11.621,3,3,0,nan,nan,6,0.0446,8.746,7.184,nan,0,nan,106.4
glass_wall,B,mppi,1006,0,timeout,nan,15.892,3,3,0,nan,nan,6,0.0319,8.716,7.051,nan,0,nan,120.1
glass_wall,B,mppi,1007,0,aborted,nan,13.926,4,4,0,nan,nan,6,0.0486,8.891,7.397,nan,0,nan,113.2
glass_wall,B,mppi,1008,0,aborted,nan,13.87,4,4,0,nan,nan,6,0.0477,8.803,7.04,nan,0,nan,112.0
glass_wall,B,mppi,1009,0,aborted,nan,12.881,2,2,0,nan,nan,6,0.0495,9.275,7.141,nan,0,nan,111.0
glass_wall,B,mppi,1010,0,aborted,nan,12.923,3,3,0,nan,nan,6,0.0431,8.763,7.745,nan,0,nan,108.9
glass_wall,B,mppi,1011,0,aborted,nan,11.514,2,2,0,nan,nan,6,0.0588,8.691,7.394,nan,0,nan,107.6
glass_wall,B,mppi,1012,0,aborted,nan,13.187,2,2,0,nan,nan,6,0.0428,8.749,7.681,nan,0,nan,110.8
glass_wall,B,mppi,1013,0,aborted,nan,12.809,3,3,0,nan,nan,6,0.0481,8.872,7.578,nan,0,nan,108.7
glass_wall,B,mppi,1014,0,timeout,nan,22.378,2,2,0,nan,nan,6,0.0559,0.735,7.395,nan,0,nan,120.1
glass_wall,B,mppi,1015,0,aborted,nan,11.985,2,2,0,nan,nan,6,0.0464,8.698,7.493,nan,0,nan,113.5
glass_wall,B,mppi,1016,0,timeout,nan,17.761,4,4,0,nan,nan,5,0.035,8.795,7.602,nan,0,nan,120.1
glass_wall,B,mppi,1017,0,aborted,nan,14.52,3,3,0,nan,nan,6,0.0468,8.748,7.273,nan,0,nan,117.4
glass_wall,B,mppi,1018,0,aborted,nan,12.378,2,2,0,nan,nan,6,0.0423,8.79,7.812,nan,0,nan,110.0
glass_wall,B,mppi,1019,0,aborted,nan,12.545,3,3,0,nan,nan,6,0.044,8.658,7.64,nan,0,nan,114.3
glass_wall,B,mppi,1020,0,aborted,nan,13.263,4,4,0,nan,nan,6,0.0395,8.914,7.603,nan,0,nan,111.7
glass_wall,B,mppi,1021,0,aborted,nan,12.313,3,3,0,nan,nan,6,0.0414,8.726,7.807,nan,0,nan,108.2
glass_wall,B,mppi,1022,0,aborted,nan,13.489,4,4,0,nan,nan,6,0.0377,8.635,7.344,nan,0,nan,110.6
glass_wall,B,mppi,1023,0,aborted,nan,11.64,2,2,0,nan,nan,6,0.0617,8.575,7.734,nan,0,nan,103.8
glass_wall,B,mppi,1024,0,aborted,nan,12.509,3,3,0,nan,nan,6,0.0355,8.686,7.467,nan,0,nan,111.0
glass_wall,B,mppi,1025,1,reached,64.6,18.849,1,1,0,nan,nan,2,0.047,0.269,8.802,nan,0,nan,64.6
glass_wall,B,mppi,1026,0,aborted,nan,13.43,4,4,0,nan,nan,6,0.0409,8.792,8.461,nan,0,nan,107.1
glass_wall,B,mppi,1027,0,aborted,nan,11.787,2,2,0,nan,nan,6,0.0357,8.316,7.57,nan,0,nan,105.3
glass_wall,B,mppi,1028,0,aborted,nan,16.443,4,4,0,nan,nan,6,0.0452,8.569,8.119,nan,0,nan,115.7
glass_wall,B,mppi,1029,0,aborted,nan,12.539,3,3,0,nan,nan,6,0.0646,7.903,7.523,nan,0,nan,114.9
glass_wall,C,mppi,1000,1,reached,49.5,21.712,0,0,0,nan,nan,0,0.0628,0.254,9.023,0.2123,0,nan,49.5
glass_wall,C,mppi,1001,1,reached,50.7,22.227,0,0,0,nan,nan,0,0.0493,0.283,8.863,0.208,0,nan,50.7
glass_wall,C,mppi,1002,1,reached,51.8,22.763,0,0,0,nan,nan,0,0.0481,0.276,8.876,0.2019,0,nan,51.8
glass_wall,C,mppi,1003,1,reached,53.6,23.199,0,0,0,nan,nan,0,0.1273,0.234,9.092,0.2162,0,nan,53.6
glass_wall,C,mppi,1004,1,reached,50.2,22.325,0,0,0,nan,nan,0,0.0588,0.261,8.502,0.2097,0,nan,50.2
glass_wall,C,mppi,1005,1,reached,51.9,22.486,0,0,0,nan,nan,0,0.0375,0.223,9.758,0.2116,0,nan,51.9
glass_wall,C,mppi,1006,1,reached,49.1,21.6,0,0,0,nan,nan,0,0.0407,0.255,8.92,0.2073,0,nan,49.1
glass_wall,C,mppi,1007,1,reached,51.2,22.758,0,0,0,nan,nan,0,0.096,0.236,9.638,0.2239,0,nan,51.2
glass_wall,C,mppi,1008,1,reached,50.0,21.861,0,0,0,nan,nan,0,0.0543,0.248,9.443,0.2373,0,nan,50.0
glass_wall,C,mppi,1009,1,reached,48.4,21.551,0,0,0,nan,nan,0,0.0492,0.25,9.431,0.2104,0,nan,48.4
glass_wall,C,mppi,1010,1,reached,46.8,20.91,0,0,0,nan,nan,0,0.0565,0.247,9.475,0.2249,0,nan,46.8
glass_wall,C,mppi,1011,1,reached,51.4,22.857,0,0,0,nan,nan,0,0.0423,0.255,9.381,0.2258,0,nan,51.4
glass_wall,C,mppi,1012,1,reached,48.7,21.409,0,0,0,nan,nan,0,0.0906,0.262,9.128,0.2072,0,nan,48.7
glass_wall,C,mppi,1013,1,reached,48.2,20.991,0,0,0,nan,nan,0,0.0428,0.247,9.429,0.2059,0,nan,48.2
glass_wall,C,mppi,1014,1,reached,45.1,19.686,0,0,0,nan,nan,0,0.0472,0.276,9.917,0.2404,0,nan,45.1
glass_wall,C,mppi,1015,1,reached,48.0,20.694,0,0,0,nan,nan,0,0.0415,0.245,9.482,0.232,0,nan,48.0
glass_wall,C,mppi,1016,1,reached,52.6,23.354,0,0,0,nan,nan,0,0.0732,0.238,10.306,0.2418,0,nan,52.6
glass_wall,C,mppi,1017,1,reached,47.9,21.192,0,0,0,nan,nan,0,0.0331,0.231,9.053,0.2209,0,nan,47.9
glass_wall,C,mppi,1018,1,reached,49.5,22.128,0,0,0,nan,nan,0,0.0412,0.231,9.102,0.2203,0,nan,49.5
glass_wall,C,mppi,1019,1,reached,58.3,22.995,0,0,0,nan,nan,1,0.0468,0.263,9.838,0.215,0,nan,58.3
glass_wall,C,mppi,1020,1,reached,49.0,21.788,0,0,0,nan,nan,0,0.0478,0.264,8.872,0.2196,0,nan,49.0
glass_wall,C,mppi,1021,1,reached,44.8,19.681,0,0,0,nan,nan,0,0.0381,0.249,8.524,0.1918,0,nan,44.8
glass_wall,C,mppi,1022,1,reached,55.3,23.639,0,0,0,nan,nan,0,0.043,0.248,8.921,0.2031,0,nan,55.3
glass_wall,C,mppi,1023,1,reached,56.6,24.363,0,0,0,nan,nan,0,0.0796,0.238,10.049,0.2518,0,nan,56.6
glass_wall,C,mppi,1024,1,reached,43.0,19.215,0,0,0,nan,nan,0,0.0356,0.222,9.873,0.2464,0,nan,43.0
glass_wall,C,mppi,1025,1,reached,44.8,19.677,0,0,0,nan,nan,0,0.0482,0.264,10.337,0.2576,0,nan,44.8
glass_wall,C,mppi,1026,1,reached,51.8,22.73,0,0,0,nan,nan,0,0.041,0.231,10.22,0.229,0,nan,51.8
glass_wall,C,mppi,1027,1,reached,45.7,20.208,0,0,0,nan,nan,0,0.0426,0.239,9.436,0.2316,0,nan,45.7
glass_wall,C,mppi,1028,1,reached,48.6,21.291,0,0,0,nan,nan,0,0.0729,0.262,9.123,0.2291,0,nan,48.6
glass_wall,C,mppi,1029,1,reached,56.7,25.076,0,0,0,nan,nan,0,0.0534,0.245,9.422,0.203,0,nan,56.7
glass_wall,D,mppi,1000,1,reached,49.5,21.712,0,0,0,nan,nan,0,0.0628,0.254,8.735,0.192,0,nan,49.5
glass_wall,D,mppi,1001,1,reached,50.7,22.227,0,0,0,nan,nan,0,0.0493,0.283,9.133,0.2143,0,nan,50.7
glass_wall,D,mppi,1002,1,reached,51.8,22.763,0,0,0,nan,nan,0,0.0481,0.276,9.297,0.2284,0,nan,51.8
glass_wall,D,mppi,1003,1,reached,53.6,23.199,0,0,0,nan,nan,0,0.1273,0.234,9.169,0.224,0,nan,53.6
glass_wall,D,mppi,1004,1,reached,50.2,22.325,0,0,0,nan,nan,0,0.0588,0.261,8.933,0.2215,0,nan,50.2
glass_wall,D,mppi,1005,1,reached,51.9,22.486,0,0,0,nan,nan,0,0.0375,0.223,9.572,0.2191,0,nan,51.9
glass_wall,D,mppi,1006,1,reached,49.1,21.6,0,0,0,nan,nan,0,0.0407,0.255,8.526,0.1962,0,nan,49.1
glass_wall,D,mppi,1007,1,reached,51.2,22.758,0,0,0,nan,nan,0,0.096,0.236,9.207,0.2012,0,nan,51.2
glass_wall,D,mppi,1008,1,reached,50.0,21.861,0,0,0,nan,nan,0,0.0543,0.248,9.065,0.2141,0,nan,50.0
glass_wall,D,mppi,1009,1,reached,48.4,21.551,0,0,0,nan,nan,0,0.0492,0.25,10.417,0.2414,0,nan,48.4
glass_wall,D,mppi,1010,1,reached,46.8,20.91,0,0,0,nan,nan,0,0.0565,0.247,9.854,0.2271,0,nan,46.8
glass_wall,D,mppi,1011,1,reached,51.4,22.857,0,0,0,nan,nan,0,0.0423,0.255,9.441,0.2153,0,nan,51.4
glass_wall,D,mppi,1012,1,reached,48.7,21.409,0,0,0,nan,nan,0,0.0906,0.262,9.284,0.2149,0,nan,48.7
glass_wall,D,mppi,1013,1,reached,48.2,20.991,0,0,0,nan,nan,0,0.0428,0.247,8.904,0.1946,0,nan,48.2
glass_wall,D,mppi,1014,1,reached,45.1,19.686,0,0,0,nan,nan,0,0.0472,0.276,9.164,0.2217,0,nan,45.1
glass_wall,D,mppi,1015,1,reached,48.0,20.694,0,0,0,nan,nan,0,0.0415,0.245,8.681,0.2132,0,nan,48.0
glass_wall,D,mppi,1016,1,reached,52.6,23.354,0,0,0,nan,nan,0,0.0732,0.238,9.041,0.2106,0,nan,52.6
glass_wall,D,mppi,1017,1,reached,47.9,21.192,0,0,0,nan,nan,0,0.0331,0.231,8.486,0.2044,0,nan,47.9
glass_wall,D,mppi,1018,1,reached,49.5,22.128,0,0,0,nan,nan,0,0.0412,0.231,9.11,0.2149,0,nan,49.5
glass_wall,D,mppi,1019,1,reached,58.3,22.995,0,0,0,nan,nan,1,0.0468,0.263,10.45,0.2286,0,nan,58.3
glass_wall,D,mppi,1020,1,reached,49.0,21.788,0,0,0,nan,nan,0,0.0478,0.264,8.516,0.1977,0,nan,49.0
glass_wall,D,mppi,1021,1,reached,44.8,19.681,0,0,0,nan,nan,0,0.0381,0.249,7.867,0.1775,0,nan,44.8
glass_wall,D,mppi,1022,1,reached,55.3,23.639,0,0,0,nan,nan,0,0.043,0.248,9.042,0.2041,0,nan,55.3
glass_wall,D,mppi,1023,1,reached,56.6,24.363,0,0,0,nan,nan,0,0.0796,0.238,9.755,0.2287,0,nan,56.6
glass_wall,D,mppi,1024,1,reached,43.0,19.215,0,0,0,nan,nan,0,0.0356,0.222,9.12,0.2133,0,nan,43.0
glass_wall,D,mppi,1025,1,reached,44.8,19.677,0,0,0,nan,nan,0,0.0482,0.264,9.133,0.2226,0,nan,44.8
glass_wall,D,mppi,1026,1,reached,51.8,22.73,0,0,0,nan,nan,0,0.041,0.231,9.117,0.2066,0,nan,51.8
glass_wall,D,mppi,1027,1,reached,45.7,20.208,0,0,0,nan,nan,0,0.0426,0.239,9.42,0.2471,0,nan,45.7
glass_wall,D,mppi,1028,1,reached,48.6,21.291,0,0,0,nan,nan,0,0.0729,0.262,9.165,0.2305,0,nan,48.6
glass_wall,D,mppi,1029,1,reached,56.7,25.076,0,0,0,nan,nan,0,0.0534,0.245,9.807,0.2187,0,nan,56.7
kidnapped,A,mppi,1000,0,aborted,nan,5.998,0,0,0,nan,nan,6,5.0801,4.438,22.18,nan,1,nan,36.7
kidnapped,A,mppi,1001,0,reached,nan,5.768,0,0,0,nan,nan,0,5.2422,7.852,24.842,nan,1,nan,17.0
kidnapped,A,mppi,1002,1,reached,44.8,18.9,0,0,0,nan,nan,0,1.7423,0.247,34.814,nan,1,3.9,44.8
kidnapped,A,mppi,1003,1,reached,42.3,18.212,0,0,0,nan,nan,0,0.7566,0.226,32.552,nan,1,8.5,42.3
kidnapped,A,mppi,1004,0,aborted,nan,5.527,0,0,0,nan,nan,6,6.7563,7.73,29.618,nan,1,nan,35.5
kidnapped,A,mppi,1005,1,reached,48.6,19.668,0,0,0,nan,nan,0,3.2096,0.243,29.816,nan,1,12.7,48.6
kidnapped,A,mppi,1006,1,reached,20.5,8.092,0,0,0,nan,nan,0,3.3312,0.264,23.94,nan,1,3.4,20.5
kidnapped,A,mppi,1007,1,reached,21.1,8.415,0,0,0,nan,nan,0,3.2545,0.256,27.161,nan,1,4.0,21.1
kidnapped,A,mppi,1008,1,reached,41.5,17.274,0,0,0,nan,nan,0,2.39,0.277,19.464,nan,1,3.6,41.5
kidnapped,A,mppi,1009,1,reached,24.1,9.032,0,0,0,nan,nan,0,4.091,0.269,26.299,nan,1,6.4,24.1
kidnapped,A,mppi,1010,0,aborted,nan,27.758,0,0,0,nan,nan,6,8.1574,3.576,20.34,nan,0,nan,99.0
kidnapped,A,mppi,1011,0,aborted,nan,5.61,0,0,0,nan,nan,6,7.9341,12.95,28.088,nan,1,nan,36.4
kidnapped,A,mppi,1012,1,reached,31.8,12.702,0,0,0,nan,nan,0,2.7307,0.255,24.275,nan,1,3.6,31.8
kidnapped,A,mppi,1013,0,reached,nan,8.11,0,0,0,nan,nan,0,6.2154,14.186,28.973,nan,1,nan,25.9
kidnapped,A,mppi,1014,1,reached,32.6,10.692,0,0,0,nan,nan,2,3.3817,0.236,26.384,nan,1,9.7,32.6
kidnapped,A,mppi,1015,1,reached,31.7,12.522,0,0,0,nan,nan,0,2.8197,0.246,33.645,nan,1,8.1,31.7
kidnapped,A,mppi,1016,1,reached,28.9,9.455,0,0,0,nan,nan,1,4.9204,0.278,40.053,nan,1,7.8,28.9
kidnapped,A,mppi,1017,0,reached,nan,4.998,0,0,0,nan,nan,0,4.7275,12.244,20.155,nan,1,nan,13.5
kidnapped,A,mppi,1018,1,reached,49.0,17.48,0,0,0,nan,nan,1,4.2514,0.205,23.588,nan,1,11.4,49.0
kidnapped,A,mppi,1019,0,reached,nan,18.015,0,0,0,nan,nan,0,8.4444,14.198,19.868,nan,1,nan,43.6
kidnapped,A,mppi,1020,1,reached,46.1,19.233,0,0,0,nan,nan,0,1.4945,0.26,22.078,nan,1,3.4,46.1
kidnapped,A,mppi,1021,0,reached,nan,7.308,0,0,0,nan,nan,0,7.7079,14.284,25.434,nan,1,nan,20.9
kidnapped,A,mppi,1022,1,reached,47.3,18.751,0,0,0,nan,nan,0,3.1421,0.24,37.195,nan,1,17.3,47.3
kidnapped,A,mppi,1023,0,reached,nan,12.201,0,0,0,nan,nan,0,8.8715,14.22,37.74,nan,1,nan,31.9
kidnapped,A,mppi,1024,0,reached,nan,18.675,0,0,0,nan,nan,0,8.2343,14.157,37.704,nan,1,nan,44.6
kidnapped,A,mppi,1025,1,reached,66.2,24.178,0,0,0,nan,nan,2,4.4187,0.267,36.17,nan,1,28.5,66.2
kidnapped,A,mppi,1026,1,reached,22.3,8.702,0,0,0,nan,nan,0,3.1381,0.273,31.344,nan,1,3.5,22.3
kidnapped,A,mppi,1027,1,reached,58.1,21.728,0,0,0,nan,nan,0,1.0458,0.246,27.713,nan,1,8.4,58.1
kidnapped,A,mppi,1028,0,aborted,nan,37.135,0,0,0,nan,nan,6,8.2095,4.02,19.373,nan,0,nan,128.2
kidnapped,A,mppi,1029,0,reached,nan,19.109,0,0,0,nan,nan,0,8.0254,14.23,14.217,nan,0,nan,45.8
kidnapped,B,mppi,1000,1,reached,43.9,16.109,0,0,0,nan,nan,2,4.0685,0.257,31.409,nan,1,16.5,43.9
kidnapped,B,mppi,1001,1,reached,32.4,12.994,0,0,0,nan,nan,0,2.5469,0.262,33.487,nan,1,11.5,32.4
kidnapped,B,mppi,1002,1,reached,56.9,23.887,0,0,0,nan,nan,0,3.8204,0.276,35.448,nan,1,11.7,56.9
kidnapped,B,mppi,1003,1,reached,42.3,18.165,0,0,0,nan,nan,0,0.5776,0.245,22.165,nan,1,7.0,42.3
kidnapped,B,mppi,1004,0,reached,nan,5.664,0,0,0,nan,nan,1,5.1656,7.773,32.743,nan,1,nan,17.4
kidnapped,B,mppi,1005,1,reached,45.2,18.91,0,0,0,nan,nan,0,1.6619,0.294,32.53,nan,1,4.0,45.2
kidnapped,B,mppi,1006,1,reached,20.1,8.044,0,0,0,nan,nan,0,3.4372,0.255,30.453,nan,1,3.5,20.1
kidnapped,B,mppi,1007,1,reached,21.4,8.582,0,0,0,nan,nan,0,3.3325,0.242,32.397,nan,1,3.9,21.4
kidnapped,B,mppi,1008,1,reached,46.3,16.745,0,0,0,nan,nan,2,3.3846,0.254,23.177,nan,1,11.8,46.3
kidnapped,B,mppi,1009,0,reached,nan,21.716,0,0,0,nan,nan,0,7.9349,14.184,36.715,nan,1,nan,50.8
kidnapped,B,mppi,1010,0,aborted,nan,28.361,0,0,0,nan,nan,6,8.1955,5.803,21.032,nan,0,nan,102.5
kidnapped,B,mppi,1011,0,aborted,nan,5.645,0,0,0,nan,nan,6,8.0331,12.975,25.342,nan,1,nan,36.7
kidnapped,B,mppi,1012,1,reached,31.2,12.447,0,0,0,nan,nan,0,2.8532,0.26,29.032,nan,1,3.5,31.2
kidnapped,B,mppi,1013,0,aborted,nan,9.659,0,0,0,nan,nan,6,2.2871,12.531,34.07,nan,1,nan,46.6
kidnapped,B,mppi,1014,1,reached,49.6,16.875,0,0,0,nan,nan,0,3.9078,0.237,25.795,nan,1,16.5,49.6
kidnapped,B,mppi,1015,1,reached,32.8,12.362,0,0,0,nan,nan,0,2.9084,0.228,32.954,nan,1,4.0,32.8
kidnapped,B,mppi,1016,1,reached,50.5,20.011,0,0,0,nan,nan,0,4.3267,0.249,37.838,nan,1,17.8,50.5
kidnapped,B,mppi,1017,0,aborted,nan,5.33,0,0,0,nan,nan,6,6.0768,12.289,27.204,nan,1,nan,36.8
kidnapped,B,mppi,1018,1,reached,50.5,18.917,0,0,0,nan,nan,0,4.5748,0.26,25.02,nan,1,10.2,50.5
kidnapped,B,mppi,1019,0,reached,nan,18.646,0,0,0,nan,nan,0,8.1536,14.195,25.249,nan,1,nan,45.6
kidnapped,B,mppi,1020,0,reached,nan,9.393,0,0,0,nan,nan,0,8.6845,14.274,20.065,nan,1,nan,23.9
kidnapped,B,mppi,1021,1,reached,49.7,19.822,0,0,0,nan,nan,0,0.7026,0.259,37.541,nan,1,4.0,49.7
kidnapped,B,mppi,1022,1,reached,45.6,17.983,0,0,0,nan,nan,0,2.6725,0.221,31.766,nan,1,15.4,45.6
kidnapped,B,mppi,1023,1,reached,67.1,28.957,0,0,0,nan,nan,0,3.6506,0.259,31.091,nan,1,10.0,67.1
kidnapped,B,mppi,1024,0,reached,nan,18.74,0,0,0,nan,nan,0,8.7957,14.207,33.196,nan,1,nan,44.0
kidnapped,B,mppi,1025,1,reached,24.9,9.013,0,0,0,nan,nan,0,2.6949,0.257,21.03,nan,1,3.7,24.9
kidnapped,B,mppi,1026,1,reached,22.6,8.804,0,0,0,nan,nan,0,3.2079,0.189,31.516,nan,1,3.5,22.6
kidnapped,B,mppi,1027,1,reached,50.8,19.569,0,0,0,nan,nan,0,2.4067,0.262,26.28,nan,1,7.0,50.8
kidnapped,B,mppi,1028,0,aborted,nan,23.227,0,0,0,nan,nan,6,8.0801,6.139,20.681,nan,0,nan,85.3
kidnapped,B,mppi,1029,0,reached,nan,19.09,0,0,0,nan,nan,0,8.0121,14.206,11.073,nan,0,nan,45.6
kidnapped,C,mppi,1000,0,reached,nan,27.58,0,0,0,nan,nan,1,7.5865,14.159,27.008,0.1221,1,nan,70.1
kidnapped,C,mppi,1001,1,reached,31.2,12.61,0,0,0,nan,nan,0,2.5948,0.254,26.484,0.1656,1,3.5,31.2
kidnapped,C,mppi,1002,1,reached,56.3,23.46,0,0,0,nan,nan,0,2.3189,0.266,23.884,0.1647,1,7.6,56.3
kidnapped,C,mppi,1003,0,reached,nan,10.514,0,0,0,nan,nan,0,7.859,14.257,20.708,0.1228,1,nan,26.5
kidnapped,C,mppi,1004,1,reached,41.9,14.754,0,0,0,nan,nan,2,5.3229,0.273,36.336,0.1152,2,13.5,41.9
kidnapped,C,mppi,1005,1,reached,46.0,18.858,0,0,0,nan,nan,0,1.6504,0.278,22.26,0.1373,1,3.9,46.0
kidnapped,C,mppi,1006,1,reached,86.8,35.953,0,0,0,nan,nan,1,5.6803,0.263,40.74,0.1968,1,41.1,86.8
kidnapped,C,mppi,1007,0,reached,nan,20.817,0,0,0,nan,nan,1,7.9915,14.29,32.812,0.1403,1,nan,51.4
kidnapped,C,mppi,1008,0,reached,nan,8.447,0,0,0,nan,nan,1,6.5157,11.74,41.759,0.1206,1,nan,32.5
kidnapped,C,mppi,1009,0,reached,nan,23.17,0,0,0,nan,nan,1,8.9542,14.159,41.947,0.1933,1,nan,61.7
kidnapped,C,mppi,1010,0,aborted,nan,25.855,0,0,0,nan,nan,6,8.1664,3.572,20.216,0.1447,0,nan,93.4
kidnapped,C,mppi,1011,1,reached,43.1,16.992,0,0,0,nan,nan,1,3.8495,0.249,24.906,0.1395,1,9.1,43.1
kidnapped,C,mppi,1012,1,reached,32.4,12.669,0,0,0,nan,nan,0,2.8101,0.27,30.647,0.1548,1,5.2,32.4
kidnapped,C,mppi,1013,0,reached,nan,13.607,0,0,0,nan,nan,2,7.4126,14.261,39.59,0.1848,1,nan,41.4
kidnapped,C,mppi,1014,1,reached,29.0,11.428,0,0,0,nan,nan,0,3.0075,0.224,22.13,0.1416,1,3.3,29.0
kidnapped,C,mppi,1015,0,aborted,nan,4.904,0,0,0,nan,nan,6,7.7995,7.986,29.257,0.1405,1,nan,34.7
kidnapped,C,mppi,1016,0,reached,nan,19.31,0,0,0,nan,nan,0,7.5369,14.162,35.636,0.2189,1,nan,47.0
kidnapped,C,mppi,1017,0,aborted,nan,5.359,0,0,0,nan,nan,6,6.0144,12.178,23.724,0.0707,1,nan,36.7
kidnapped,C,mppi,1018,1,reached,41.5,16.823,0,0,0,nan,nan,1,3.1986,0.262,28.184,0.1932,1,7.0,41.5
kidnapped,C,mppi,1019,0,aborted,nan,5.161,0,0,0,nan,nan,6,5.6032,4.206,26.57,0.1192,1,nan,36.7
kidnapped,C,mppi,1020,1,reached,55.5,23.677,0,0,0,nan,nan,0,4.072,0.262,36.539,0.1828,1,9.0,55.5
kidnapped,C,mppi,1021,1,reached,56.8,21.193,0,0,0,nan,nan,1,0.998,0.28,26.914,0.092,1,13.0,56.8
kidnapped,C,mppi,1022,1,reached,22.9,9.203,0,0,0,nan,nan,0,2.7789,0.268,31.762,0.1867,1,8.2,22.9
kidnapped,C,mppi,1023,1,reached,57.2,23.27,0,0,0,nan,nan,0,5.0064,0.234,40.559,0.1535,1,13.4,57.2
kidnapped,C,mppi,1024,0,reached,nan,19.673,0,0,0,nan,nan,0,8.6841,14.173,38.356,0.1627,1,nan,45.5
kidnapped,C,mppi,1025,1,reached,36.2,13.895,0,0,0,nan,nan,0,2.6996,0.252,37.336,0.0968,1,11.4,36.2
kidnapped,C,mppi,1026,1,reached,22.9,8.774,0,0,0,nan,nan,0,3.0803,0.24,32.919,0.1744,1,3.5,22.9
kidnapped,C,mppi,1027,0,reached,nan,8.663,0,0,0,nan,nan,0,7.3272,14.163,30.291,0.1931,1,nan,22.6
kidnapped,C,mppi,1028,0,aborted,nan,21.141,0,0,0,nan,nan,6,8.0378,3.571,22.239,0.1504,0,nan,78.4
kidnapped,C,mppi,1029,0,reached,nan,22.181,0,0,0,nan,nan,0,7.6082,14.163,14.26,0.1107,0,nan,57.5
kidnapped,D,mppi,1000,0,reached,nan,27.58,0,0,0,nan,nan,1,7.5865,14.159,27.084,0.139,1,nan,70.1
kidnapped,D,mppi,1001,1,reached,31.2,12.61,0,0,0,nan,nan,0,2.5948,0.254,25.548,0.1262,1,3.5,31.2
kidnapped,D,mppi,1002,1,reached,56.3,23.46,0,0,0,nan,nan,0,2.3189,0.266,22.72,0.1558,1,7.6,56.3
kidnapped,D,mppi,1003,0,reached,nan,10.514,0,0,0,nan,nan,0,7.859,14.257,23.344,0.1037,1,nan,26.5
kidnapped,D,mppi,1004,1,reached,41.9,14.754,0,0,0,nan,nan,2,5.3229,0.273,37.287,0.1124,2,13.5,41.9
kidnapped,D,mppi,1005,1,reached,46.0,18.858,0,0,0,nan,nan,0,1.6504,0.278,24.447,0.1208,1,3.9,46.0
kidnapped,D,mppi,1006,1,reached,86.8,35.953,0,0,0,nan,nan,1,5.6803,0.263,41.379,0.2358,1,41.1,86.8
kidnapped,D,mppi,1007,0,reached,nan,20.817,0,0,0,nan,nan,1,7.9915,14.29,31.035,0.2577,1,nan,51.4
kidnapped,D,mppi,1008,0,reached,nan,8.447,0,0,0,nan,nan,1,6.5157,11.74,40.692,0.1939,1,nan,32.5
kidnapped,D,mppi,1009,0,reached,nan,23.17,0,0,0,nan,nan,1,8.9542,14.159,39.822,0.1837,1,nan,61.7
kidnapped,D,mppi,1010,0,aborted,nan,25.855,0,0,0,nan,nan,6,8.1664,3.572,22.469,0.1168,0,nan,93.4
kidnapped,D,mppi,1011,1,reached,43.1,16.992,0,0,0,nan,nan,1,3.8495,0.249,24.448,0.111,1,9.1,43.1
kidnapped,D,mppi,1012,1,reached,32.4,12.669,0,0,0,nan,nan,0,2.8101,0.27,29.764,0.1575,1,5.2,32.4
kidnapped,D,mppi,1013,0,reached,nan,13.607,0,0,0,nan,nan,2,7.4126,14.261,41.967,0.1504,1,nan,41.4
kidnapped,D,mppi,1014,1,reached,29.0,11.428,0,0,0,nan,nan,0,3.0075,0.224,21.602,0.1,1,3.3,29.0
kidnapped,D,mppi,1015,0,aborted,nan,4.904,0,0,0,nan,nan,6,7.7995,7.986,32.254,0.137,1,nan,34.7
kidnapped,D,mppi,1016,0,reached,nan,19.31,0,0,0,nan,nan,0,7.5369,14.162,34.757,0.1526,1,nan,47.0
kidnapped,D,mppi,1017,0,aborted,nan,5.359,0,0,0,nan,nan,6,6.0144,12.178,24.795,0.0904,1,nan,36.7
kidnapped,D,mppi,1018,1,reached,41.5,16.823,0,0,0,nan,nan,1,3.1986,0.262,30.734,0.1539,1,7.0,41.5
kidnapped,D,mppi,1019,0,aborted,nan,5.161,0,0,0,nan,nan,6,5.6032,4.206,27.463,0.161,1,nan,36.7
kidnapped,D,mppi,1020,1,reached,55.5,23.677,0,0,0,nan,nan,0,4.072,0.262,38.934,0.1397,1,9.0,55.5
kidnapped,D,mppi,1021,1,reached,56.8,21.193,0,0,0,nan,nan,1,0.998,0.28,27.6,0.1574,1,13.0,56.8
kidnapped,D,mppi,1022,1,reached,22.9,9.203,0,0,0,nan,nan,0,2.7789,0.268,33.13,0.1683,1,8.2,22.9
kidnapped,D,mppi,1023,1,reached,57.2,23.27,0,0,0,nan,nan,0,5.0064,0.234,40.39,0.2028,1,13.4,57.2
kidnapped,D,mppi,1024,0,reached,nan,19.673,0,0,0,nan,nan,0,8.6841,14.173,33.764,0.1887,1,nan,45.5
kidnapped,D,mppi,1025,1,reached,36.2,13.895,0,0,0,nan,nan,0,2.6996,0.252,38.022,0.2097,1,11.4,36.2
kidnapped,D,mppi,1026,1,reached,22.9,8.774,0,0,0,nan,nan,0,3.0803,0.24,29.231,0.2065,1,3.5,22.9
kidnapped,D,mppi,1027,0,reached,nan,8.663,0,0,0,nan,nan,0,7.3272,14.163,29.731,0.0762,1,nan,22.6
kidnapped,D,mppi,1028,0,aborted,nan,21.141,0,0,0,nan,nan,6,8.0378,3.571,15.265,0.0898,0,nan,78.4
kidnapped,D,mppi,1029,0,reached,nan,22.181,0,0,0,nan,nan,0,7.6082,14.163,11.76,0.0788,0,nan,57.5
walking_actors,A,mppi,1000,1,reached,60.3,26.989,0,0,0,0.199,5.4,0,0.3192,0.181,8.048,nan,0,nan,60.3
walking_actors,A,mppi,1001,1,reached,65.8,28.686,0,0,0,0.099,11.3,0,0.1969,0.262,8.488,nan,0,nan,65.8
walking_actors,A,mppi,1002,1,reached,64.9,28.463,0,0,0,0.041,14.6,0,0.1964,0.239,8.555,nan,0,nan,64.9
walking_actors,A,mppi,1003,1,reached,61.2,27.321,0,0,0,0.109,3.1,0,0.4342,0.1,9.12,nan,0,nan,61.2
walking_actors,A,mppi,1004,1,reached,67.7,28.558,0,0,0,0.045,15.4,0,0.2997,0.19,9.129,nan,0,nan,67.7
walking_actors,A,mppi,1005,1,reached,65.9,28.686,0,0,0,0.092,29.5,0,0.0995,0.26,8.114,nan,0,nan,65.9
walking_actors,A,mppi,1006,1,reached,63.9,28.432,0,0,0,0.03,14.4,0,0.1337,0.214,7.738,nan,0,nan,63.9
walking_actors,A,mppi,1007,1,reached,61.2,27.427,0,0,0,0.107,10.4,0,0.2542,0.234,8.034,nan,0,nan,61.2
walking_actors,A,mppi,1008,1,reached,65.2,27.748,0,0,0,0.042,8.5,0,0.3728,0.214,8.164,nan,0,nan,65.2
walking_actors,A,mppi,1009,1,reached,67.1,29.509,0,0,0,0.05,23.4,0,0.107,0.232,8.617,nan,0,nan,67.1
walking_actors,A,mppi,1010,1,reached,63.2,27.624,0,0,0,0.042,29.0,0,0.2261,0.168,8.163,nan,0,nan,63.2
walking_actors,A,mppi,1011,1,reached,65.7,29.17,0,0,0,0.091,22.0,0,0.1114,0.238,8.595,nan,0,nan,65.7
walking_actors,A,mppi,1012,1,reached,61.3,27.395,0,0,0,0.183,5.5,0,0.1659,0.239,8.555,nan,0,nan,61.3
walking_actors,A,mppi,1013,1,reached,62.3,27.721,0,0,0,0.054,7.0,0,0.5772,0.125,7.843,nan,0,nan,62.3
walking_actors,A,mppi,1014,1,reached,63.5,27.892,0,0,0,0.094,10.1,0,0.2323,0.237,8.211,nan,0,nan,63.5
walking_actors,A,mppi,1015,1,reached,62.0,27.871,0,0,0,0.111,10.8,0,0.0868,0.219,7.515,nan,0,nan,62.0
walking_actors,A,mppi,1016,1,reached,61.9,27.59,0,0,0,0.132,7.8,0,0.2244,0.205,7.59,nan,0,nan,61.9
walking_actors,A,mppi,1017,1,reached,69.1,29.214,0,0,0,0.065,17.1,0,0.1929,0.18,7.506,nan,0,nan,69.1
walking_actors,A,mppi,1018,1,reached,61.5,27.673,0,0,0,0.14,10.7,0,0.2475,0.198,7.433,nan,0,nan,61.5
walking_actors,A,mppi,1019,1,reached,64.6,28.781,0,0,0,0.017,19.4,0,0.4454,0.15,7.688,nan,0,nan,64.6
walking_actors,A,mppi,1020,1,reached,63.7,28.34,0,0,0,0.103,14.8,0,0.1209,0.246,7.45,nan,0,nan,63.7
walking_actors,A,mppi,1021,1,reached,59.5,26.88,0,0,0,0.394,2.5,0,0.13,0.242,7.035,nan,0,nan,59.5
walking_actors,A,mppi,1022,1,reached,69.2,29.084,0,0,0,0.081,18.2,0,0.2814,0.159,7.624,nan,0,nan,69.2
walking_actors,A,mppi,1023,1,reached,63.5,27.921,0,0,0,0.07,20.2,0,0.2764,0.204,7.505,nan,0,nan,63.5
walking_actors,A,mppi,1024,1,reached,64.5,28.061,0,0,0,0.018,11.8,0,0.2295,0.162,8.148,nan,0,nan,64.5
walking_actors,A,mppi,1025,1,reached,60.3,26.913,0,0,0,0.201,7.1,0,0.5687,0.229,7.405,nan,0,nan,60.3
walking_actors,A,mppi,1026,1,reached,60.6,27.101,0,0,0,0.127,5.0,0,0.4097,0.18,7.669,nan,0,nan,60.6
walking_actors,A,mppi,1027,1,reached,73.6,30.753,0,0,0,0.017,25.8,0,0.5493,0.223,8.586,nan,0,nan,73.6
walking_actors,A,mppi,1028,1,reached,60.3,26.963,0,0,0,0.183,2.5,0,0.2584,0.226,7.552,nan,0,nan,60.3
walking_actors,A,mppi,1029,1,reached,65.3,28.839,0,0,0,0.008,15.8,0,0.6027,0.195,8.092,nan,0,nan,65.3
walking_actors,B,mppi,1000,1,reached,60.3,26.973,0,0,0,0.185,6.8,0,0.1722,0.202,7.616,nan,0,nan,60.3
walking_actors,B,mppi,1001,1,reached,66.6,29.023,0,0,0,0.114,11.6,0,0.1912,0.196,8.529,nan,0,nan,66.6
walking_actors,B,mppi,1002,1,reached,66.1,28.838,0,0,0,0.113,13.5,0,0.1371,0.213,8.068,nan,0,nan,66.1
walking_actors,B,mppi,1003,1,reached,60.2,26.99,0,0,0,0.161,3.3,0,0.1008,0.199,8.655,nan,0,nan,60.2
walking_actors,B,mppi,1004,1,reached,62.6,27.964,0,0,0,0.06,9.6,0,0.1995,0.239,8.667,nan,0,nan,62.6
walking_actors,B,mppi,1005,1,reached,62.6,27.717,0,0,0,0.065,14.1,0,0.3808,0.231,8.035,nan,0,nan,62.6
walking_actors,B,mppi,1006,1,reached,65.8,28.601,0,0,0,0.033,17.3,0,0.187,0.24,8.117,nan,0,nan,65.8
walking_actors,B,mppi,1007,1,reached,61.2,27.455,0,0,0,0.105,9.6,0,0.32,0.192,7.701,nan,0,nan,61.2
walking_actors,B,mppi,1008,1,reached,65.1,28.237,0,0,0,0.073,7.5,0,0.2466,0.278,8.085,nan,0,nan,65.1
walking_actors,B,mppi,1009,1,reached,67.1,29.487,0,0,0,0.066,26.0,0,0.2205,0.264,8.8,nan,0,nan,67.1
walking_actors,B,mppi,1010,1,reached,62.0,27.542,0,0,0,0.118,20.9,0,0.3851,0.1,8.014,nan,0,nan,62.0
walking_actors,B,mppi,1011,1,reached,64.4,28.731,0,0,0,0.106,20.6,0,0.1364,0.245,8.956,nan,0,nan,64.4
walking_actors,B,mppi,1012,1,reached,60.8,27.239,0,0,0,0.202,5.6,0,0.2409,0.147,7.969,nan,0,nan,60.8
walking_actors,B,mppi,1013,1,reached,61.9,27.605,0,0,0,0.074,6.6,0,0.5082,0.211,7.533,nan,0,nan,61.9
walking_actors,B,mppi,1014,1,reached,63.1,27.925,0,0,0,0.077,10.2,0,0.2982,0.198,8.665,nan,0,nan,63.1
walking_actors,B,mppi,1015,1,reached,62.3,27.893,0,0,0,0.11,11.0,0,0.2569,0.209,8.016,nan,0,nan,62.3
walking_actors,B,mppi,1016,1,reached,62.3,27.777,0,0,0,0.02,8.9,0,0.1034,0.193,8.398,nan,0,nan,62.3
walking_actors,B,mppi,1017,1,reached,69.8,29.577,0,0,0,0.066,19.2,0,0.1609,0.176,8.146,nan,0,nan,69.8
walking_actors,B,mppi,1018,1,reached,61.6,27.314,0,0,0,0.117,11.5,0,0.4278,0.261,8.143,nan,0,nan,61.6
walking_actors,B,mppi,1019,1,reached,62.9,28.012,0,0,0,0.067,15.3,0,0.6036,0.116,8.025,nan,0,nan,62.9
walking_actors,B,mppi,1020,1,reached,64.6,28.639,0,0,0,0.084,20.3,0,0.0972,0.231,8.523,nan,0,nan,64.6
walking_actors,B,mppi,1021,1,reached,59.8,26.872,0,0,0,0.342,5.3,0,0.18,0.256,7.359,nan,0,nan,59.8
walking_actors,B,mppi,1022,1,reached,66.4,28.13,0,0,0,0.031,26.4,0,0.1358,0.249,8.437,nan,0,nan,66.4
walking_actors,B,mppi,1023,1,reached,62.8,27.828,0,0,0,0.058,19.6,0,0.12,0.171,8.794,nan,0,nan,62.8
walking_actors,B,mppi,1024,1,reached,62.4,27.614,0,0,0,0.053,9.5,0,0.2855,0.11,7.845,nan,0,nan,62.4
walking_actors,B,mppi,1025,1,reached,60.0,26.982,0,0,0,0.201,7.3,0,0.2299,0.176,7.669,nan,0,nan,60.0
walking_actors,B,mppi,1026,1,reached,60.4,27.144,0,0,0,0.104,5.5,0,0.3095,0.226,7.53,nan,0,nan,60.4
walking_actors,B,mppi,1027,1,reached,70.8,30.489,0,0,0,0.003,33.3,0,0.1418,0.23,8.537,nan,0,nan,70.8
walking_actors,B,mppi,1028,1,reached,60.6,27.078,0,0,0,0.218,2.3,0,0.4356,0.11,7.694,nan,0,nan,60.6
walking_actors,B,mppi,1029,1,reached,64.8,28.755,0,0,0,0.028,14.8,0,0.2828,0.199,8.454,nan,0,nan,64.8
walking_actors,C,mppi,1000,1,reached,59.9,26.919,0,0,0,0.267,3.3,0,0.4815,0.266,8.441,0.2341,0,nan,59.9
walking_actors,C,mppi,1001,1,reached,68.2,29.977,0,0,0,0.116,19.2,0,0.4683,0.221,8.335,0.1954,0,nan,68.2
walking_actors,C,mppi,1002,1,reached,67.6,29.219,0,0,0,0.077,18.7,0,0.135,0.223,8.25,0.1804,0,nan,67.6
walking_actors,C,mppi,1003,1,reached,60.3,27.048,0,0,0,0.187,3.2,0,0.3111,0.187,7.492,0.2229,0,nan,60.3
walking_actors,C,mppi,1004,1,reached,64.0,28.188,0,0,0,0.111,8.3,0,0.3854,0.213,8.396,0.202,0,nan,64.0
walking_actors,C,mppi,1005,1,reached,63.3,27.702,0,0,0,0.132,17.6,0,0.2224,0.313,8.187,0.2024,0,nan,63.3
walking_actors,C,mppi,1006,1,reached,65.1,28.552,0,0,0,0.044,12.9,0,0.4265,0.13,8.013,0.1736,0,nan,65.1
walking_actors,C,mppi,1007,1,reached,60.7,27.325,0,0,0,0.079,4.4,0,0.457,0.246,7.89,0.1914,0,nan,60.7
walking_actors,C,mppi,1008,1,reached,63.0,27.942,0,0,0,0.142,6.7,0,0.2395,0.184,8.464,0.1998,0,nan,63.0
walking_actors,C,mppi,1009,1,reached,75.7,29.941,1,0,1,-0.281,40.9,0,0.1245,0.244,8.669,0.1999,0,nan,75.7
walking_actors,C,mppi,1010,1,reached,61.8,27.434,0,0,0,0.119,23.3,0,0.2918,0.209,8.85,0.1888,0,nan,61.8
walking_actors,C,mppi,1011,1,reached,64.2,28.637,0,0,0,0.112,10.3,0,0.2143,0.2,8.403,0.194,0,nan,64.2
walking_actors,C,mppi,1012,1,reached,62.0,27.308,0,0,0,0.083,6.3,0,0.2461,0.314,7.843,0.1984,0,nan,62.0
walking_actors,C,mppi,1013,1,reached,62.8,27.846,0,0,0,0.056,6.6,0,0.1551,0.191,8.115,0.2238,0,nan,62.8
walking_actors,C,mppi,1014,1,reached,63.4,27.929,0,0,0,0.098,7.9,0,0.2591,0.248,8.079,0.1909,0,nan,63.4
walking_actors,C,mppi,1015,1,reached,63.7,28.394,0,0,0,0.112,9.7,0,0.5012,0.2,8.416,0.1961,0,nan,63.7
walking_actors,C,mppi,1016,1,reached,62.1,27.491,0,0,0,0.145,7.7,0,0.0983,0.227,8.001,0.2192,0,nan,62.1
walking_actors,C,mppi,1017,1,reached,64.2,27.597,0,0,0,0.072,9.7,0,0.3653,0.214,7.868,0.199,0,nan,64.2
walking_actors,C,mppi,1018,1,reached,65.0,27.898,0,0,0,0.092,16.7,0,0.2221,0.207,7.847,0.2006,0,nan,65.0
walking_actors,C,mppi,1019,1,reached,62.7,28.112,0,0,0,0.035,14.9,0,0.4911,0.186,8.133,0.202,0,nan,62.7
walking_actors,C,mppi,1020,1,reached,65.8,28.782,0,0,0,0.113,21.1,0,0.0972,0.192,8.239,0.1909,0,nan,65.8
walking_actors,C,mppi,1021,1,reached,67.3,27.284,0,0,0,0.396,4.6,2,0.7275,0.255,8.031,0.1738,0,nan,67.3
walking_actors,C,mppi,1022,1,reached,66.4,28.724,0,0,0,0.004,17.5,0,0.1925,0.2,7.732,0.1538,0,nan,66.4
walking_actors,C,mppi,1023,1,reached,67.9,29.03,0,0,0,0.045,17.1,0,0.2736,0.203,7.937,0.2034,0,nan,67.9
walking_actors,C,mppi,1024,1,reached,68.1,29.243,0,0,0,0.016,16.7,0,0.1602,0.177,7.92,0.1941,0,nan,68.1
walking_actors,C,mppi,1025,1,reached,59.9,26.954,0,0,0,0.273,6.8,0,0.4826,0.201,8.201,0.2089,0,nan,59.9
walking_actors,C,mppi,1026,1,reached,60.1,27.096,0,0,0,0.16,5.1,0,0.5966,0.204,8.171,0.2131,0,nan,60.1
walking_actors,C,mppi,1027,1,reached,64.2,28.024,0,0,0,0.048,39.1,0,0.2444,0.199,8.554,0.1921,0,nan,64.2
walking_actors,C,mppi,1028,1,reached,59.9,26.882,0,0,0,0.248,2.7,0,0.3924,0.253,8.707,0.2475,0,nan,59.9
walking_actors,C,mppi,1029,1,reached,64.9,28.71,0,0,0,0.017,13.7,0,0.5101,0.225,9.683,0.2389,0,nan,64.9
walking_actors,D,mppi,1000,1,reached,61.0,27.443,0,0,0,0.478,0.5,0,0.1329,0.258,8.577,0.2021,0,nan,61.0
walking_actors,D,mppi,1001,1,reached,66.6,29.256,0,0,0,0.092,15.3,0,0.4571,0.267,8.709,0.1964,0,nan,66.6
walking_actors,D,mppi,1002,1,reached,65.7,28.48,1,0,1,-0.039,15.0,0,0.2885,0.264,8.099,0.173,0,nan,65.7
walking_actors,D,mppi,1003,1,reached,66.6,28.03,0,0,0,0.103,8.5,0,0.1443,0.223,8.491,0.2303,0,nan,66.6
walking_actors,D,mppi,1004,1,reached,70.5,29.622,0,0,0,0.001,19.5,0,0.1324,0.251,8.372,0.1878,0,nan,70.5
walking_actors,D,mppi,1005,1,reached,75.0,30.201,0,0,0,0.116,27.9,0,0.2024,0.245,8.433,0.2032,0,nan,75.0
walking_actors,D,mppi,1006,1,reached,65.7,28.479,0,0,0,0.115,7.7,0,0.2404,0.237,7.735,0.1753,0,nan,65.7
walking_actors,D,mppi,1007,1,reached,61.1,27.612,0,0,0,0.223,1.3,0,0.316,0.206,8.259,0.1775,0,nan,61.1
walking_actors,D,mppi,1008,1,reached,71.4,28.045,1,0,1,-0.094,13.4,0,0.1701,0.194,7.778,0.1812,0,nan,71.4
walking_actors,D,mppi,1009,1,reached,70.3,30.481,0,0,0,0.037,25.2,0,0.1057,0.241,8.028,0.167,0,nan,70.3
walking_actors,D,mppi,1010,1,reached,65.8,28.108,0,0,0,0.089,32.2,0,0.4485,0.04,7.956,0.1606,0,nan,65.8
walking_actors,D,mppi,1011,1,reached,69.8,29.193,0,0,0,0.11,16.1,0,0.2064,0.194,8.767,0.1805,0,nan,69.8
walking_actors,D,mppi,1012,1,reached,62.4,27.483,0,0,0,0.116,3.3,0,0.4547,0.233,8.097,0.1962,0,nan,62.4
walking_actors,D,mppi,1013,1,reached,63.8,28.376,0,0,0,0.106,5.8,0,0.5428,0.148,8.274,0.1917,0,nan,63.8
walking_actors,D,mppi,1014,1,reached,64.9,28.262,0,0,0,0.15,6.1,0,0.1945,0.249,7.729,0.1769,0,nan,64.9
walking_actors,D,mppi,1015,1,reached,63.8,28.306,0,0,0,0.026,12.3,0,0.1044,0.226,7.832,0.1746,0,nan,63.8
walking_actors,D,mppi,1016,1,reached,67.6,29.407,0,0,0,0.163,27.1,0,0.1732,0.188,7.919,0.1754,0,nan,67.6
walking_actors,D,mppi,1017,1,reached,66.4,28.692,0,0,0,0.104,8.0,0,0.1473,0.202,8.558,0.199,0,nan,66.4
walking_actors,D,mppi,1018,1,reached,68.3,28.511,0,0,0,0.065,12.7,0,0.1971,0.259,8.35,0.1812,0,nan,68.3
walking_actors,D,mppi,1019,1,reached,68.7,29.376,1,0,1,-0.025,12.5,0,0.2072,0.17,9.293,0.2184,0,nan,68.7
walking_actors,D,mppi,1020,1,reached,74.1,30.596,0,0,0,0.041,28.2,0,0.233,0.246,9.191,0.211,0,nan,74.1
walking_actors,D,mppi,1021,1,reached,60.8,27.226,0,0,0,0.626,0.0,0,0.2038,0.187,8.006,0.1951,0,nan,60.8
walking_actors,D,mppi,1022,1,reached,68.0,28.254,0,0,0,0.102,26.7,0,0.2729,0.156,7.92,0.1606,0,nan,68.0
walking_actors,D,mppi,1023,1,reached,69.6,29.352,0,0,0,0.089,24.8,0,0.3781,0.244,8.608,0.1915,0,nan,69.6
walking_actors,D,mppi,1024,1,reached,65.3,28.187,0,0,0,0.095,14.2,0,0.2693,0.19,8.39,0.1929,0,nan,65.3
walking_actors,D,mppi,1025,1,reached,66.9,29.38,0,0,0,0.254,9.7,0,0.3221,0.249,8.462,0.1779,0,nan,66.9
walking_actors,D,mppi,1026,1,reached,62.4,27.623,0,0,0,0.022,6.6,0,0.1126,0.196,8.815,0.2232,0,nan,62.4
walking_actors,D,mppi,1027,1,reached,89.6,31.331,1,0,1,-0.27,42.4,1,0.1009,0.197,12.145,0.3191,0,nan,89.6
walking_actors,D,mppi,1028,1,reached,61.5,27.357,0,0,0,0.259,3.4,0,0.1528,0.231,9.612,0.2498,0,nan,61.5
walking_actors,D,mppi,1029,1,reached,73.7,29.871,1,0,1,-0.103,17.0,0,0.2237,0.204,11.32,0.2586,0,nan,73.7
